Student ID,Timestamp,Grade,Please select any of the following that apply to your request:,Drop/Add Course Pair #1 [Drop #1],Drop/Add Course Pair #1 [Add #1],Drop/Add Course Pair #1 [Alternate add #1a],Drop/Add Course Pair #1 [Alternate add #1b],Drop/Add Course Pair #2 [Drop #2],Drop/Add Course Pair #2 [Add #2],Drop/Add Course Pair #2 [Alternate add #2a],Drop/Add Course Pair #2 [Alternate add #2b],Drop/Add Course Pair #3 [Drop #3],Drop/Add Course Pair #3 [Add #3],Drop/Add Course Pair #3 [Alternate add #3a],Drop/Add Course Pair #3 [Alternate add #3b],Drop/Add Course Pair #4 [Drop #4],Drop/Add Course Pair #4 [Add #4],Drop/Add Course Pair #4 [Alternate add #4a],Drop/Add Course Pair #4 [Alternate add #4b],Drop/Add Course Pair #1 [Drop #1],Drop/Add Course Pair #1 [Add #1],Drop/Add Course Pair #1 [Alternate #1a],Drop/Add Course Pair #1 [Alternate #1b],Drop/Add Course Pair #2 [Drop #2],Drop/Add Course Pair #2 [Add #2],Drop/Add Course Pair #2 [Alternate #2a],Drop/Add Course Pair #2 [Alternate #2b],Drop/Add Course Pair #3 [Drop #3],Drop/Add Course Pair #3 [Add #3],Drop/Add Course Pair #3 [Alternate #3a],Drop/Add Course Pair #3 [Alternate #3b]
S137,10/29/2023 17:40:10,11,I have a block conflict (two classes that meet at the same time),SP3652 Navigating in Spanish II,CS4200/MA4200 Cryptography,MA4300 Combinatorics and Game Theory,,"PH3920 Waves Sound, and Optics",PH4120 Physics Core: E&M (Math Intensive) (*M*),"PH3920 Waves Sound, and Optics",,CS4020 Web Development,MA4044 Calculus II with AP Exam Prep,MA4046 Calculus II,MA4110 Foundations of Data Science,MA4046 Calculus II,MA4500 Graph Theory with REX Math,EN4600 Research Experience in the Humanities,MA4046 Calculus II,MU3500 Classical Piano and Guitar,AR4100 Drawing,AR4310 Digital Photography,DR4102 Theater Performance Workshop: Unacting and Movement,,,,,,,,
S159,10/29/2023 19:56:06,11,None of these apply,CS4320 Machine Learning,BI4140 Molecular & Cellular Biol,BI4110 Molecular Genetics (*R*),BI4160 Neuroscience (*R*),MA4300 Combinatorics and Game Theory,MA4230 Complex Systems and Modern Networks,MA4300 Combinatorics and Game Theory,MA4300 Combinatorics and Game Theory,,,,,,,,,,,,,,,,,,,,
S230,10/27/2023 9:46:30,11,None of these apply,EE4180 Environmental Engineering,SP3052 Journeys in Spanish II,BI3700 Evolution,,,,,,,,,,,,,,,,,,,,,,,,,
S160,10/22/2023 23:53:10,11,None of these apply,EN4600 Research Experience in the Humanities,CH4130 Organic Chemistry,CS4320 Machine Learning,BI4140 Molecular & Cellular Biol,PH3500 Physics Core: Mechanics,CS4320 Machine Learning,BI4140 Molecular & Cellular Biol,BI4110 Molecular Genetics (*R*),,,,,,,,,,,,,,,,,,,,
S045,10/25/2023 19:35:15,11,None of these apply,BI3580 Classical Genetics (*M*),BI4010 Anatomy & Physiology,CH4020 AP Chemistry (I): Atoms & Molecules (*M*),EE4520 Biomedical Instrumentation,,,,,,,,,,,,,,,,,,,,,,,,
S533,10/26/2023 11:23:12,12,None of these apply,MA4240 Numerical Analysis,SS4050 AP Psychology,BI4130 Aquatic Ecology (*R*),CH4280 Materials Chemistry (*R*),,,,,,,,,,,,,,,,,,,,,,,,
S535,10/20/2023 13:24:56,12,"I am short scheduled (fewer than 5 core classes), I do not meet the pre-requisite for a class on my schedule",EE4560 Circuits,None - I'm short/over scheduled,,,None - I'm short/over scheduled,HU4480 Topics in American Studies: Asian American Studies,,,,,,,,,,,None,MU4100 Chorale,,,None,AR4520 Advanced Studio Art,,,,,,
S535,10/26/2023 9:52:13,12,None of these apply,EN4212 East Asian Studies II,HU4480 Topics in American Studies: Asian American Studies,,,,,,,,,,,,,,,,,,,,,,,,,,
S536,10/27/2023 12:57:33,12,None of these apply,HU4461 Topics in Humanities II,EN4300 Creative Writing,HU4420 Digital Humanities,,HU4420 Digital Humanities,,,,,,,,,,,,,,,,,,,,,,,
S326,10/29/2023 11:48:29,11,None of these apply,MA4210 Topics in Civic Mathematics,MA4500 Graph Theory with REX Math,CH4020 AP Chemistry (I): Atoms & Molecules (*M*),BI4200 Immunology (*R*),MA4044 Calculus II with AP Exam Prep,MA4046 Calculus II,,,EE4180 Environmental Engineering,CS4270 Fundamentals of Object-Oriented Design,"CS4070/AR4070 Art, Technology, and Computing",PH4150/EE4150 Elements of Satellite Design,PH4180 Astrophysics (*R*),PH4120 Physics Core: E&M (Math Intensive) (*M*),,,,,,,,,,,,,,
S099,10/22/2023 11:16:00,11,None of these apply,EN4600 Research Experience in the Humanities,CS4320 Machine Learning,PH4020 Physics Core: Mechanics (Math Intensive) (*M*),EE4020 Electrical Engineering,,,,,,,,,,,,,,AR4100 Drawing,AR4110 Painting,None,,,,,,,,
S116,10/28/2023 23:49:37,11,None of these apply,EE4180 Environmental Engineering,"CS4070/AR4070 Art, Technology, and Computing",CS4040 Game Design and Simulation,CS4120 Computing for Everyone,BI4010 Anatomy & Physiology,BI3700 Evolution,BI3580 Classical Genetics (*M*),BI4160 Neuroscience (*R*),"PH3920 Waves Sound, and Optics",PH4000 Physics Core: E&M,,,,,,,PA1020 Fit for Life,PA1007 Pilates & Yoga,PA1009 Hiking,,,,,,,,,
S118,10/21/2023 14:23:18,11,None of these apply,MA4046 Calculus II,MA4044 Calculus II with AP Exam Prep,,,,,,,,,,,,,,,,,,,,,,,,,,
S367,10/29/2023 19:08:10,12,None of these apply,MA4500 Graph Theory with REX Math,BI4140 Molecular & Cellular Biol,MA4500 Graph Theory with REX Math,,MA4110 Foundations of Data Science,PH4120 Physics Core: E&M (Math Intensive) (*M*),PH4180 Astrophysics (*R*),MA4110 Foundations of Data Science,,,,,,,,,,,,,,,,,,,,
S123,10/23/2023 14:18:51,11,None of these apply,SP3652 Navigating in Spanish II,BI3700 Evolution,BI4030 Environmental Science (*R*),BI4140 Molecular & Cellular Biol,,,,,,,,,,,,,,AR4110 Painting,AR4100 Drawing,MU3500 Classical Piano and Guitar,,,,,,,,
S112,10/23/2023 13:32:03,11,I've been accepted to a Research program,EN4600 Research Experience in the Humanities,BI4200 Immunology (*R*),BI4010 Anatomy & Physiology,BI4160 Neuroscience (*R*),,,,,,,,,,,,,,,,,,,,,,,,
S151,10/29/2023 22:53:44,11,None of these apply,PH4120 Physics Core: E&M (Math Intensive) (*M*),PH4180 Astrophysics (*R*),PH4150/EE4150 Elements of Satellite Design,,BI3580 Classical Genetics (*M*),SS4070 AP Macroeconomics,BI4110 Molecular Genetics (*R*),SS4050 AP Psychology,,,,,,,,,PA1005 Weight Trng/Sprts & Fitness,PA1007 Pilates & Yoga,PA1020 Fit for Life,PA1009 Hiking,,,,,,,,
S250,10/20/2023 12:29:52,11,None of these apply,BI4030 Environmental Science (*R*),CS4320 Machine Learning,MA4110 Foundations of Data Science,EN4300 Creative Writing,,,,,,,,,,,,,PA1020 Fit for Life,PA1005 Weight Trng/Sprts & Fitness,RE1020 Financial Planning,AR4110 Painting,,,,,,,,
S540,10/23/2023 13:11:31,12,None of these apply,BI4110 Molecular Genetics (*R*),CH4120 AP Chemistry (II): Kinetics & Energy,CH4120 AP Chemistry (II): Kinetics & Energy,,"HU4490 Women's, Gender, and Sexuality Studies",EN4470 STEM and the Stage,EN4481 Topics in Literature I,EN4483 Topics in Literature III,PH4120 Physics Core: E&M (Math Intensive) (*M*),"CH4170/PH4170 Electrochemistry: Batteries, Fuel Cells and Solar Cells",PH4000 Physics Core: E&M,PH4180 Astrophysics (*R*),,CH4120 AP Chemistry (II): Kinetics & Energy,,,,,,,,,,,,,,
S541,10/26/2023 14:49:03,12,I do not meet the pre-requisite for a class on my schedule,CN4952 Advanced Readings in Chinese with Topics II,CN4052 Advanced Chinese II,,,SS4070 AP Macroeconomics,SP3652 Navigating in Spanish II,,,,,,,,,,,MU4130 Orchestra,None,,,,,,,,,,
S176,10/22/2023 16:05:04,11,None of these apply,BI3580 Classical Genetics (*M*),"CS4070/AR4070 Art, Technology, and Computing",,,AS4052 American Studies II,BI3580 Classical Genetics (*M*),,,EE4560 Circuits,AS4052 American Studies II,,,,,,,,,,,,,,,,,,
S542,10/24/2023 20:10:18,12,None of these apply,,,,,,,,,,,,,,,,,None,AR4310 Digital Photography,,,,,,,,,,
S064,10/29/2023 18:00:52,11,I have a block conflict (two classes that meet at the same time),PH4000 Physics Core: E&M,PH4120 Physics Core: E&M (Math Intensive) (*M*),,,BI3580 Classical Genetics (*M*),CN3052 Journeys into Chinese II,MA4110 Foundations of Data Science,,EN4600 Research Experience in the Humanities,MA4110 Foundations of Data Science,,,,,,,,,,,,,,,,,,
S229,10/29/2023 21:54:32,11,None of these apply,,,,,,,,,,,,,,,,,PA1005 Weight Trng/Sprts & Fitness,None,,,,,,,,,,
S280,10/27/2023 12:34:01,11,None of these apply,SS4050 AP Psychology,MA4060 Multivariable Calculus,EE4020 Electrical Engineering,,,CN4852 AP Chinese Language and Culture II,,,,,,,,,,,MU3500 Classical Piano and Guitar,,,,,,,,,,,
S089,10/25/2023 15:27:47,11,None of these apply,SS4050 AP Psychology,CS4270 Fundamentals of Object-Oriented Design,EE4020 Electrical Engineering,EE4180 Environmental Engineering,,,,,,,,,,,,,,,,,,,,,,,,
S066,10/21/2023 19:46:21,11,I am missing a graduation requirement,EN4600 Research Experience in the Humanities,PH4000 Physics Core: E&M,None - I'm short/over scheduled,None - I'm short/over scheduled,BI4130 Aquatic Ecology (*R*),None - I'm short/over scheduled,None - I'm short/over scheduled,None - I'm short/over scheduled,None - I'm short/over scheduled,None - I'm short/over scheduled,None - I'm short/over scheduled,None - I'm short/over scheduled,None - I'm short/over scheduled,None - I'm short/over scheduled,None - I'm short/over scheduled,None - I'm short/over scheduled,PA1009 Hiking,None,None,None,None,None,None,None,None,None,None,None
S057,10/26/2023 14:33:47,11,None of these apply,CH3500 Chemistry Core I - Atoms & Molecules,PH4000 Physics Core: E&M,PH4180 Astrophysics (*R*),CH4130 Organic Chemistry,CS4020 Web Development,CN3052 Journeys into Chinese II,CS4040 Game Design and Simulation,EE4100 Introductory Robotics,,,,,None - I'm short/over scheduled,,,,PA1020 Fit for Life,PA1007 Pilates & Yoga,PA1009 Hiking,PA1005 Weight Trng/Sprts & Fitness,None,,,,None,,,
S543,10/28/2023 19:53:41,12,I am short scheduled (fewer than 5 core classes),EN4210 African Studies: Modern Africa,SP4250 Spanish for Heritage Speakers,SP4252 Topics in Advanced Spanish II: Afro-Spanish Caribbeans and their Contributions,SS4070 AP Macroeconomics,"PH3920 Waves Sound, and Optics",PH4180 Astrophysics (*R*),PH4000 Physics Core: E&M,PH4120 Physics Core: E&M (Math Intensive) (*M*),None - I'm short/over scheduled,EE4160 Civil Engineering,EN4300 Creative Writing,MA4210 Topics in Civic Mathematics,,,,,,,,,,,,,,,,
S331,10/26/2023 11:10:44,11,None of these apply,EE4520 Biomedical Instrumentation,EE4560 Circuits,,,PH4120 Physics Core: E&M (Math Intensive) (*M*),EN4600 Research Experience in the Humanities,,,,,,,,,,,,,,,,,,,,,,
S252,10/26/2023 19:29:33,11,None of these apply,EN4600 Research Experience in the Humanities,"EE4160 Civil Engineering, MR3080 Mentorship: Foundations in Research",BI4160 Neuroscience (*R*),BI4140 Molecular & Cellular Biol,MA4046 Calculus II,MA4044 Calculus II with AP Exam Prep,,,PH4000 Physics Core: E&M,PH4120 Physics Core: E&M (Math Intensive) (*M*),,,,,,,,,,,,,,,,,,
S275,10/21/2023 18:30:04,11,"I am short scheduled (fewer than 5 core classes), I am missing a graduation requirement",PH4020 Physics Core: Mechanics (Math Intensive) (*M*),"PH3920 Waves Sound, and Optics",CH4020 AP Chemistry (I): Atoms & Molecules (*M*),CS4020 Web Development,SP4252 Topics in Advanced Spanish II: Afro-Spanish Caribbeans and their Contributions,"CS4070/AR4070 Art, Technology, and Computing","PH3920 Waves Sound, and Optics",CH4020 AP Chemistry (I): Atoms & Molecules (*M*),,,,,,,,,,,,,,,,,,,,
S186,10/26/2023 21:32:12,11,I have a block conflict (two classes that meet at the same time),EN4600 Research Experience in the Humanities,EE4180 Environmental Engineering,MA4300 Combinatorics and Game Theory,SS4050 AP Psychology,,,,,,,,,,,,,,,,,,,,,,,,
S346,10/29/2023 11:08:11,11,None of these apply,AS4052 American Studies II,CS4120 Computing for Everyone,CS4040 Game Design and Simulation,EE4020 Electrical Engineering,SS4050 AP Psychology,AS4052 American Studies II,CH4130 Organic Chemistry,CS4200/MA4200 Cryptography,EN4600 Research Experience in the Humanities,CH4020 AP Chemistry (I): Atoms & Molecules (*M*),AS4052 American Studies II,CS4200/MA4200 Cryptography,,,,,PA1020 Fit for Life,,,,,,,,,,,
S294,10/29/2023 20:50:23,11,None of these apply,EE4180 Environmental Engineering,PH4020 Physics Core: Mechanics (Math Intensive) (*M*),EE4160 Civil Engineering,SS4050 AP Psychology or art/tech/comp or Neuro,,,,,,,,,,,,,,,,,,,,,,,,
S550,10/29/2023 20:56:03,12,None of these apply,MA4050 Modeling with Differential Equations,HU4440 Film Studies,"HU4300 Whose America? Immigrant Experiences, 1910-present",,,,,,,,,,,,,,,,,,,,,,,,,
S140,10/20/2023 12:57:26,11,None of these apply,CH4020 AP Chemistry (I): Atoms & Molecules (*M*),PH4120 Physics Core: E&M (Math Intensive) (*M*),PH4000 Physics Core: E&M,CH4020 AP Chemistry (I): Atoms & Molecules (*M*),,,,,,,,,,,,,,,,,,,,,,,,
S553,10/29/2023 22:48:13,12,None of these apply,SS4070 AP Macroeconomics,EN4300 Creative Writing,HU4440 Film Studies,,,,,,,,,,,,,,,,,,,,,,,,,
S078,10/23/2023 14:19:56,11,None of these apply,EE4020 Electrical Engineering,BI4160 Neuroscience (*R*),,,,,,,,,,,,,,,,,,,,,,,,,,
S108,10/28/2023 13:41:10,11,I have a block conflict (two classes that meet at the same time),AS4052 American Studies II,AS4052 American Studies II,AS4052 American Studies II,AS4052 American Studies II,,,,,,,,,,,,,,,,,,,,,,,,
S026,10/29/2023 21:28:57,11,None of these apply,PH3500 Physics Core: Mechanics,CH4000 Chemistry Core II - Reactions & Energy,CH4020 AP Chemistry (I): Atoms & Molecules (*M*),BI4200 Immunology (*R*),SS4050 AP Psychology,BI4010 Anatomy & Physiology,BI3580 Classical Genetics (*M*),BI4110 Molecular Genetics (*R*),,,,,,,,,,,,,,,,,,,,
S554,10/22/2023 13:31:06,12,I do not meet the pre-requisite for a class on my schedule,EN4212 East Asian Studies II,SS4050 AP Psychology,HU4400 Black Studies,EN4300 Creative Writing,,,,,,,,,,,,,,,,,,,,,,,,
S248,10/29/2023 22:17:20,11,None of these apply,CH4020 AP Chemistry (I): Atoms & Molecules (*M*),MA4060 Multivariable Calculus,MA4240 Numerical Analysis,MA4500 Graph Theory with REX Math,FR4652 Modern French Readings and Media,EN4600 Research Experience in the Humanities,HU4010 Applications in Entrepreneurship,None - I'm short/over scheduled,None - I'm short/over scheduled,SS4070 AP Macroeconomics,HU4010 Applications in Entrepreneurship,None - I'm short/over scheduled,,,,,,,,,,,,,,,,
S198,10/27/2023 20:03:06,11,I do not meet the pre-requisite for a class on my schedule,BI4160 Neuroscience (*R*),BI4110 Molecular Genetics (*R*),BI4140 Molecular & Cellular Biol,,,,,,,,,,,,,,,,,,,,,,,,,
S557,10/23/2023 12:34:38,12,None of these apply,"HU4490 Women's, Gender, and Sexuality Studies",HU4400 Black Studies,HU4410 Critical Race Theory,,,,,,,,,,,,,,AR4310 Digital Photography,None,,,,,,,,,,
S193,10/28/2023 23:27:01,11,None of these apply,"PH3920 Waves Sound, and Optics",PH4000 Physics Core: E&M,CH4020 AP Chemistry (I): Atoms & Molecules (*M*),"CS4070/AR4070 Art, Technology, and Computing",SS4050 AP Psychology,EN4600 Research Experience in the Humanities,PH4000 Physics Core: E&M,SS4050 AP Psychology,,,,,,,,,PA1005 Weight Trng/Sprts & Fitness,PA1007 Pilates & Yoga,PA1009 Hiking,PA1020 Fit for Life,,,,,,,,
S178,10/29/2023 22:49:28,11,None of these apply,CS4270 Fundamentals of Object-Oriented Design,EN4600 Research Experience in the Humanities,MA4110 Foundations of Data Science,SP4252 Topics in Advanced Spanish II: Afro-Spanish Caribbeans and their Contributions,,,,,,,,,,,,,,,,,,,,,,,,
S558,10/27/2023 11:21:29,12,None of these apply,MA4210 Topics in Civic Mathematics,,,,BI4200 Immunology (*R*),,BI4130 Aquatic Ecology (*R*),BI4160 Neuroscience (*R*),,,,,,,,,,,,,,,,,,,,
S559,10/27/2023 12:45:54,12,I am short scheduled (fewer than 5 core classes),None - I'm short/over scheduled,BI4010 Anatomy & Physiology,BI4140 Molecular & Cellular Biol,BI4110 Molecular Genetics (*R*),None - I'm short/over scheduled,HU4440 Film Studies,"HU4490 Women's, Gender, and Sexuality Studies",HU4420 Digital Humanities,,,,,,,,,,,,,,,,,,,,
S560,10/29/2023 11:37:14,12,None of these apply,HU4400 Black Studies,"HU4410 Critical Race Theory, HU4411 Critical Legal Studies",HU4400 Black Studies,HU4440 Film Studies,,,,,,,,,,,,,None,,,,None,,,,None,,,
S561,10/28/2023 20:32:29,12,None of these apply,CS4320 Machine Learning,PH4120 Physics Core: E&M (Math Intensive) (*M*),BI4110 Molecular Genetics (*R*),BI4140 Molecular & Cellular Biol,EN4210 African Studies: Modern Africa,EN4481 Topics in Literature I,,,,,,,,,,,,,,,,,,,,,,
S320,10/25/2023 18:21:01,11,None of these apply,JA3052 Journeys into Japanese II,BI4010 Anatomy & Physiology,BI4110 Molecular Genetics (*R*),BI4200 Immunology (*R*),JA3052 Journeys into Japanese II,CH4130 Organic Chemistry,BI4030 Environmental Science (*R*),BI4130 Aquatic Ecology (*R*),JA3052 Journeys into Japanese II,"CH4170/PH4170 Electrochemistry: Batteries, Fuel Cells and Solar Cells",BI3700 Evolution,SE4001 Emergency Care,JA3052 Journeys into Japanese II,BI3580 Classical Genetics (*M*),CH4000 Chemistry Core II - Reactions & Energy,HU4440 Film Studies,,,,,,,,,,,,
S566,10/20/2023 14:22:54,12,I am short scheduled (fewer than 5 core classes),None - I'm short/over scheduled,CS4270 Fundamentals of Object-Oriented Design,HU4420 Digital Humanities,EN4300 Creative Writing,,,,,,,,,,,,,,,,,,,,,,,,
S171,10/24/2023 19:45:27,11,None of these apply,BI4010 Anatomy & Physiology,"BI4110 Molecular Genetics (*R*), EN4600 Research Experience in the Humanities",BI4010 Anatomy & Physiology,BI4140 Molecular & Cellular Biol,EE4180 Environmental Engineering,CH4130 Organic Chemistry,CH4280 Materials Chemistry (*R*),,None - I'm short/over scheduled,EN4600 Research Experience in the Humanities,,,,,,,,,,,,,,,,,,
S563,10/25/2023 15:26:02,12,None of these apply,CH4280 Materials Chemistry (*R*),EE4540 Statics,MA4300 Combinatorics and Game Theory,,MA4230 Complex Systems and Modern Networks,MA4300 Combinatorics and Game Theory,BI4030 Environmental Science (*R*),,,,,,,,,,,,,,,,,,,,,
S565,10/26/2023 0:37:10,12,None of these apply,EN4300 Creative Writing,CS4120 Computing for Everyone,,,EN4483 Topics in Literature III,HU4480 Topics in American Studies: Asian American Studies,"HU4490 Women's, Gender, and Sexuality Studies",,,,,,,,,,,MU3500 Classical Piano and Guitar,,,,,,,,,,
S130,10/29/2023 1:16:44,11,None of these apply,CH4020 AP Chemistry (I): Atoms & Molecules (*M*),BI4160 Neuroscience (*R*),BI4140 Molecular & Cellular Biol,BI3700 Evolution,,,,,,,,,,,,,,,,,,,,,,,,
S567,10/29/2023 22:14:06,12,I have a block conflict (two classes that meet at the same time),BI4140 Molecular & Cellular Biol,EE4020 Electrical Engineering,PH4120 Physics Core: E&M (Math Intensive) (*M*),MA4044 Calculus II with AP Exam Prep,,,,,,,,,,,,,,,,,,,,,,,,
S569,10/21/2023 13:34:44,12,None of these apply,CS4270 Fundamentals of Object-Oriented Design,CH4130 Organic Chemistry,BI4160 Neuroscience (*R*),MA4240 Numerical Analysis,CS4200/MA4200 Cryptography,CH4130 Organic Chemistry,PH4180 Astrophysics (*R*),BI4160 Neuroscience (*R*),,,,,,,,,None,AR4310 Digital Photography,MU4310 AP Music Theory,,,,,,,,,
S570,10/29/2023 20:41:42,12,None of these apply,MA4050 Modeling with Differential Equations,MA4210 Topics in Civic Mathematics,,,EN4440 Philosophy and Literature in the Twentieth Century,EN4300 Creative Writing,,,,,,,,,,,,,,,,,,,,,,
S013,10/24/2023 14:01:09,11,None of these apply,CH4020 AP Chemistry (I): Atoms & Molecules (*M*),PH4000 Physics Core: E&M,"PH3920 Waves Sound, and Optics",PH4180 Astrophysics (*R*),,,,,,,,,,,,,,,,,,,,,,,,
S125,10/29/2023 19:41:43,11,None of these apply,EN4600 Research Experience in the Humanities,BI4010 Anatomy & Physiology,BI4140 Molecular & Cellular Biol,BI4110 Molecular Genetics (*R*),,,,,,,,,,,,,,,,,,,,,,,,
S572,10/27/2023 12:04:59,12,None of these apply,MA4046 Calculus II,MA4044 Calculus II with AP Exam Prep,,,MA4110 Foundations of Data Science,MA4310 Topics in Theoretical Mathematics,,,EE4520 Biomedical Instrumentation,PH4180 Astrophysics (*R*),BI4110 Molecular Genetics (*R*),MA4230 Complex Systems and Modern Networks,CH4130 Organic Chemistry,CH4120 AP Chemistry (II): Kinetics & Energy,,,None,,,,None,,,,None,,,
S576,10/26/2023 15:25:39,12,None of these apply,BI4200 Immunology (*R*),SS4050 AP Psychology,BI4160 Neuroscience (*R*),BI3580 Classical Genetics (*M*),"HU4490 Women's, Gender, and Sexuality Studies",HU4420 Digital Humanities,EN4470 STEM and the Stage,HU4440 Film Studies,,,,,,,,,MA1012 Calculus Ib Exam Prep,,,,,,,,,,,
S335,10/20/2023 10:24:57,11,"I have a block conflict (two classes that meet at the same time), None of these apply",,EN4600 Research Experience in the Humanities,,,,,,,,,,,,,,,,,,,,,,,,,,
S244,10/29/2023 20:30:58,11,"I have a block conflict (two classes that meet at the same time), None of these apply",CH4020 AP Chemistry (I): Atoms & Molecules (*M*),PH4020 Physics Core: Mechanics (Math Intensive) (*M*),,,,,,,,,,,,,,,PA1005 Weight Trng/Sprts & Fitness,PA1009 Hiking,PA1005 Weight Trng/Sprts & Fitness,,,,,,,,,
S575,10/28/2023 12:09:41,12,None of these apply,HU4440 Film Studies,SP4250 Spanish for Heritage Speakers,SP4252 Topics in Advanced Spanish II: Afro-Spanish Caribbeans and their Contributions,,,,,,,,,,,,,,,,,,,,,,,,,
S307,10/27/2023 21:14:59,11,"I am missing a graduation requirement, None of these apply",None - I'm short/over scheduled,EN4600 Research Experience in the Humanities,,,None - I'm short/over scheduled,FR3052 Journeys into French II,,,,,,,,,,,PA1005 Weight Trng/Sprts & Fitness,,,,,,,,,,,
S577,10/26/2023 16:39:01,12,None of these apply,EN4210 African Studies: Modern Africa,SS4050 AP Psychology,SS4070 AP Macroeconomics,SE4001 Emergency Care,,,,,,,,,,,,,,,,,,,,,,,,
S578,10/29/2023 23:21:05,12,None of these apply,CH4130 Organic Chemistry,CH4120 AP Chemistry (II): Kinetics & Energy,,,EN4300 Creative Writing,EN4440 Philosophy and Literature in the Twentieth Century,,,BI4160 Neuroscience (*R*),CN3652 Navigating in Chinese + Global Understanding II,,,,,,,,,,,,,,,,,,
S581,10/20/2023 10:12:15,12,None of these apply,BI3580 Classical Genetics (*M*),BI4200 Immunology (*R*),,,,,,,,,,,,,,,,,,,,,,,,,,
S300,10/25/2023 22:55:52,11,None of these apply,CH4130 Organic Chemistry,CH4120 AP Chemistry (II): Kinetics & Energy,CH4120 AP Chemistry (II): Kinetics & Energy,CH4120 AP Chemistry (II): Kinetics & Energy,,,,,,,,,,,,,,,,,,,,,,,,
S300,10/26/2023 15:31:53,11,None of these apply,MA4044 Calculus II with AP Exam Prep,MA4046 Calculus II,MA4044 Calculus II with AP Exam Prep,MA4044 Calculus II with AP Exam Prep,,,,,,,,,,,,,,,,,,,,,,,,
S582,10/29/2023 23:54:54,12,None of these apply,MA4060 Multivariable Calculus,EE4100 Introductory Robotics,"CS4070/AR4070 Art, Technology, and Computing",CS4120 Computing for Everyone,,,,,,,,,,,,,,,,,,,,,,,,
S297,10/28/2023 23:43:28,11,None of these apply,MA4210 Topics in Civic Mathematics,FR3652 Navigating in French II,FR3052 Journeys into French II,BI4160 Neuroscience (*R*),,,,,,,,,,,,,,,,,,,,,,,,
S203,10/20/2023 15:44:48,11,None of these apply,BI4110 Molecular Genetics (*R*),CS4270 Fundamentals of Object-Oriented Design,CS4120 Computing for Everyone,CS4040 Game Design and Simulation,,,,,,,,,,,,,,DR4102 Theater Performance Workshop: Unacting and Movement,,,,MU4110 Wind Ensemble,,,,,,
S143,10/29/2023 13:21:59,11,I have a block conflict (two classes that meet at the same time),EE4180 Environmental Engineering,EN4600 Research Experience in the Humanities,,,,,,,,,,,,,,,PA1005 Weight Trng/Sprts & Fitness,PA1007 Pilates & Yoga,PA1009 Hiking,PA1020 Fit for Life,MU3500 Classical Piano and Guitar,MU4100 Chorale,,,,,,
S314,10/29/2023 19:50:09,11,"I am short scheduled (fewer than 5 core classes), I am missing a graduation requirement, I've been accepted to a Research program",MA4240 Numerical Analysis,MA4060 Multivariable Calculus,MA4310 Topics in Theoretical Mathematics,MA4522 Advanced Mathematical Topics II,,,,,,,,,,,,,,,,,,,,,,,,
S584,10/22/2023 14:32:49,12,None of these apply,EE4180 Environmental Engineering,"PH3920 Waves Sound, and Optics",BI4140 Molecular & Cellular Biol,CS4200/MA4200 Cryptography,,,,,,,,,,,,,,,,,,,,,,,,
S132,10/29/2023 20:24:01,11,None of these apply,BI4030 Environmental Science (*R*),BI3580 Classical Genetics (*M*),BI4010 Anatomy & Physiology,CS4040 Game Design and Simulation,,,,,,,,,,,,,,,,,,,,,,,,
S127,10/22/2023 20:10:36,11,None of these apply,LA3052 Latin Elements II,CS4020 Web Development,,,,,,,,,,,,,,,,,,,,,,,,,,
S345,10/24/2023 21:26:43,11,None of these apply,MA4210 Topics in Civic Mathematics,MA4060 Multivariable Calculus,MA4300 Combinatorics and Game Theory,MA4110 Foundations of Data Science,,,,,,,,,,,,,,,,,,,,,,,,
S302,10/24/2023 15:19:15,11,I am missing a graduation requirement,SS4050 AP Psychology,CH3500 Chemistry Core I - Atoms & Molecules,"PH3920 Waves Sound, and Optics",PH4000 Physics Core: E&M,,,,,,,,,,,,,PA1005 Weight Trng/Sprts & Fitness,PA1007 Pilates & Yoga,,,,,,,,,,
S342,10/20/2023 10:08:41,11,None of these apply,,,,,,,,,,,,,,,,,PA1007 Pilates & Yoga,None,None,None,,,,,,,,
S592,10/24/2023 9:49:53,12,None of these apply,BI4110 Molecular Genetics (*R*),HU4010 Applications in Entrepreneurship,,,,,,,,,,,,,,,,,,,,,,,,,,
S298,10/29/2023 19:41:01,11,I have a block conflict (two classes that meet at the same time),MA4044 Calculus II with AP Exam Prep,MA4046 Calculus II,MA4046 Calculus II,MA4046 Calculus II,,,,,,,,,,,,,,,,,,,,,,,,
S115,10/20/2023 18:16:25,11,I am short scheduled (fewer than 5 core classes),None - I'm short/over scheduled,PH3500 Physics Core: Mechanics,BI4010 Anatomy & Physiology,CS4020 Web Development,,,,,,,,,,,,,,,,,,,,,,,,
S593,10/20/2023 11:08:53,12,None of these apply,SS4070 AP Macroeconomics,HU4411 Critical Legal Studies,"HU4490 Women's, Gender, and Sexuality Studies",HU4440 Film Studies,,,,,,,,,,,,,RE1018 Excellence in Leadership,RE1020 Financial Planning,,,,,,,,,,
S152,10/29/2023 17:25:23,11,None of these apply,FR3652 Navigating in French II,"PH3920 Waves Sound, and Optics",PH4000 Physics Core: E&M,PH4150/EE4150 Elements of Satellite Design,,,,,,,,,,,,,,,,,,,,,,,,
S189,10/22/2023 21:23:56,11,"I am short scheduled (fewer than 5 core classes), I am missing a graduation requirement",CH4020 AP Chemistry (I): Atoms & Molecules (*M*),PH4020 Physics Core: Mechanics (Math Intensive) (*M*),BI4130 Aquatic Ecology (*R*),EE4160 Civil Engineering,BI4030 Environmental Science (*R*),BI4110 Molecular Genetics (*R*),PH4020 Physics Core: Mechanics (Math Intensive) (*M*),EE4160 Civil Engineering,,EE4160 Civil Engineering,PH4020 Physics Core: Mechanics (Math Intensive) (*M*),BI4130 Aquatic Ecology (*R*),,,,,,,,,,,,,,,,
S262,10/27/2023 20:26:10,11,None of these apply,CS4040 Game Design and Simulation,EE4520 Biomedical Instrumentation,EE4020 Electrical Engineering,EE4180 Environmental Engineering,EN4600 Research Experience in the Humanities,SP3652 Navigating in Spanish II,BI4140 Molecular & Cellular Biol,BI4030 Environmental Science (*R*),,,,,,,,,,,,,,,,,,,,
S224,10/21/2023 19:10:15,11,None of these apply,,,,,,,,,,,,,,,,,PA1005 Weight Trng/Sprts & Fitness,None,None,None,,,,,,,,
S596,10/29/2023 14:01:17,12,I am short scheduled (fewer than 5 core classes),None - I'm short/over scheduled,CH4130 Organic Chemistry,"PH3920 Waves Sound, and Optics",PH4000 Physics Core: E&M,,,,,,,,,,,,,,,,,,,,,,,,
S190,10/20/2023 10:31:21,11,I am missing a graduation requirement,CH4130 Organic Chemistry,CS4020 Web Development,CH4120 AP Chemistry (II): Kinetics & Energy,CS4040 Game Design and Simulation,FR3652 Navigating in French II,CH4120 AP Chemistry (II): Kinetics & Energy,"CH4170/PH4170 Electrochemistry: Batteries, Fuel Cells and Solar Cells",EE4020 Electrical Engineering,,,,,,,,,,,,,,,,,,,,
S597,10/29/2023 19:42:29,12,I am short scheduled (fewer than 5 core classes),None - I'm short/over scheduled,HU4010 Applications in Entrepreneurship,EN4300 Creative Writing,HU4440 Film Studies,,,,,,,,,,,,,,,,,,,,,,,,
S321,10/28/2023 22:02:55,11,None of these apply,PH4241 AP Physics C: E&M,PH4150/EE4150 Elements of Satellite Design,PH4120 Physics Core: E&M (Math Intensive) (*M*),"PH3920 Waves Sound, and Optics",MA4046 Calculus II,MA4044 Calculus II with AP Exam Prep,,,,,,,,,,,PA1020 Fit for Life,PA1009 Hiking,,,,,,,,,,
S085,10/20/2023 10:56:19,11,None of these apply,,,,,,,,,,,,,,,,,,MU4110 Wind Ensemble,,,,AR4100 Drawing,MU3500 Classical Piano and Guitar,,,,,
S097,10/26/2023 13:31:28,11,I am missing a graduation requirement,SS4050 AP Psychology,CH4000 Chemistry Core II - Reactions & Energy,EN4600 Research Experience in the Humanities,CS4020 Web Development,,,,,,,,,,,,,,,,,,,,,,,,
S595,10/20/2023 10:35:22,12,I am short scheduled (fewer than 5 core classes),None - I'm short/over scheduled,BI4140 Molecular & Cellular Biol,BI4160 Neuroscience (*R*),EN4300 Creative Writing,,,,,,,,,,,,,,,,,,,,,,,,
S595,10/23/2023 11:07:37,12,I am short scheduled (fewer than 5 core classes),CH4130 Organic Chemistry,HU4440 Film Studies,"HU4300 Whose America? Immigrant Experiences, 1910-present",BI4160 Neuroscience (*R*),,,,,,,,,,,,,,,,,,,,,,,,
S598,10/20/2023 9:49:57,12,None of these apply,EE4180 Environmental Engineering,EE4520 Biomedical Instrumentation,,,PH4000 Physics Core: E&M,"PH3920 Waves Sound, and Optics",,,,BI4160 Neuroscience (*R*),,,,,,,,,,,,,,,,,,
S599,10/25/2023 21:48:31,12,None of these apply,MA4300 Combinatorics and Game Theory,HU4420 Digital Humanities,EE4020 Electrical Engineering,PH4180 Astrophysics (*R*),,,,,,,,,,,,,,,,,,,,,,,,
S600,10/29/2023 16:06:57,12,I do not meet the pre-requisite for a class on my schedule,MA4240 Numerical Analysis,MA4060 Multivariable Calculus,EE4160 Civil Engineering,EE4020 Electrical Engineering,,,,,,,,,,,,,,,,,,,,,,,,
S183,10/24/2023 15:43:13,11,None of these apply,,,,,,,,,,,,,,,,,PA1020 Fit for Life,,,,,,,,,,,
S601,10/20/2023 12:03:13,12,None of these apply,EE4020 Electrical Engineering,BI4010 Anatomy & Physiology,SE4001 Emergency Care,BI4030 Environmental Science (*R*),PH4120 Physics Core: E&M (Math Intensive) (*M*),PH4000 Physics Core: E&M,"PH3920 Waves Sound, and Optics",PH4180 Astrophysics (*R*),,,,,,,,,,,,,,,,,,,,
S602,10/29/2023 20:58:40,12,None of these apply,BI4140 Molecular & Cellular Biol,HU4400 Black Studies,HU4411 Critical Legal Studies,,,,,,,,,,,,,,,,,,,,,,,,,
S604,10/28/2023 20:56:23,12,None of these apply,BI4130 Aquatic Ecology (*R*),PH4120 Physics Core: E&M (Math Intensive) (*M*),,,,,,,,,,,,,,,,,,,,,,,,,,
S605,10/27/2023 8:36:27,12,None of these apply,"HU4490 Women's, Gender, and Sexuality Studies",HU4410 Critical Race Theory,"BI4160 Neuroscience (*R*), HU4440 Film Studies",HU4400 Black Studies,MA4240 Numerical Analysis,CH4130 Organic Chemistry,BI4160 Neuroscience (*R*),HU4420 Digital Humanities,,,,,,,,,None,MU4100 Chorale,,,,,,,,,,
S278,10/29/2023 23:25:47,11,I've been accepted to a Research program,EE4020 Electrical Engineering,,,,,,,,,,,,,,,,,,,,,,,,,,,
S607,10/20/2023 10:23:33,12,None of these apply,PH4180 Astrophysics (*R*),CS4320 Machine Learning,,,EN4440 Philosophy and Literature in the Twentieth Century,EN4470 STEM and the Stage,,,,,,,,,,,,,,,,,,,,,,
S172,10/21/2023 13:58:44,11,None of these apply,MA4300 Combinatorics and Game Theory,MA4060 Multivariable Calculus,CS4200/MA4200 Cryptography,MA4300 Combinatorics and Game Theory,CH4130 Organic Chemistry,CH4120 AP Chemistry (II): Kinetics & Energy,CH4130 Organic Chemistry,CH4130 Organic Chemistry,,,,,,,,,,,,,,,,,,,,
S608,10/20/2023 10:00:26,12,None of these apply,CS4200/MA4200 Cryptography,CS4020 Web Development,,,,,,,,,,,,,,,,,,,,,,,,,,
S133,10/27/2023 22:43:30,11,None of these apply,BI4010 Anatomy & Physiology,SS4070 AP Macroeconomics,,,,,,,,,,,,,,,,,,,,,,,,,,
S609,10/28/2023 19:12:59,12,None of these apply,EE4100 Introductory Robotics,MA4300 Combinatorics and Game Theory,HU4420 Digital Humanities,None - I'm short/over scheduled,,,,,,,,,,,,,,,,,,,,,,,,
S610,10/27/2023 13:41:51,12,I have a block conflict (two classes that meet at the same time),EN4440 Philosophy and Literature in the Twentieth Century,CH4130 Organic Chemistry,EN4212 East Asian Studies II,"CH4170/PH4170 Electrochemistry: Batteries, Fuel Cells and Solar Cells",,,,,,,,,,,,,,,,,,,,,,,,
S613,10/26/2023 14:07:28,12,None of these apply,EN4212 East Asian Studies II,"HU4300 Whose America? Immigrant Experiences, 1910-present",EN4481 Topics in Literature I,HU4440 Film Studies,,,,,,,,,,,,,,,,,,,,,,,,
S614,10/29/2023 21:25:24,12,None of these apply,"HU4490 Women's, Gender, and Sexuality Studies",HU4411 Critical Legal Studies,HU4440 Film Studies,,CS4040 Game Design and Simulation,EE4020 Electrical Engineering,CS4020 Web Development,,,,,,,,,,AR4310 Digital Photography,AR4100 Drawing,AR4110 Painting,,,,,,,,,
S615,10/22/2023 20:18:24,12,None of these apply,SP4252 Topics in Advanced Spanish II: Afro-Spanish Caribbeans and their Contributions,SE4001 Emergency Care,BI3700 Evolution,BI4130 Aquatic Ecology (*R*),EN4242 Western European Cultural Studies II,HU4410 Critical Race Theory,HU4420 Digital Humanities,"BI4030 Environmental Science (*R*), HU4490 Women's, Gender, and Sexuality Studies",,,,,,,,,,,,,,,,,,,,
S617,10/20/2023 12:42:17,12,None of these apply,CS4200/MA4200 Cryptography,MA4060 Multivariable Calculus,,,,,,,,,,,,,,,,,,,,,,,,,,
S618,10/26/2023 19:26:41,12,None of these apply,EN4440 Philosophy and Literature in the Twentieth Century,EN4470 STEM and the Stage,EN4300 Creative Writing,,,,,,,,,,,,,,,,,,,,,,,,,
S119,10/26/2023 13:24:28,11,None of these apply,SP4252 Topics in Advanced Spanish II: Afro-Spanish Caribbeans and their Contributions,EN4600 Research Experience in the Humanities,EE4180 Environmental Engineering,SS4070 AP Macroeconomics,MA4014 Calculus Ib with AP Exam Prep,MA4016 Calculus Ib,MA4014 Calculus Ib with AP Exam Prep,,CH4020 AP Chemistry (I): Atoms & Molecules (*M*),EE4100 Introductory Robotics,PH4020 Physics Core: Mechanics (Math Intensive) (*M*),PH4000 Physics Core: E&M,None - I'm short/over scheduled,EN4600 Research Experience in the Humanities,SS4050 AP Psychology,SS4070 AP Macroeconomics,,,,,,,,,,,,
S018,10/24/2023 17:27:10,11,I am short scheduled (fewer than 5 core classes),SP4252 Topics in Advanced Spanish II: Afro-Spanish Caribbeans and their Contributions,PH3500 Physics Core: Mechanics,,,CH3500 Chemistry Core I - Atoms & Molecules,CH4020 AP Chemistry (I): Atoms & Molecules (*M*),CH3500 Chemistry Core I - Atoms & Molecules,,,,,,,,,,PA1005 Weight Trng/Sprts & Fitness,AR4110 Painting,AR4310 Digital Photography,,,,,,,,,
S623,10/23/2023 10:21:37,12,None of these apply,,,,,,,,,,,,,,,,,None,MU4100 Chorale,None,None,,,,,,,,
S215,10/26/2023 14:18:21,11,"I've been accepted to a Research program, None of these apply",PH3500 Physics Core: Mechanics,CH4120 AP Chemistry (II): Kinetics & Energy,CH4000 Chemistry Core II - Reactions & Energy,CH4130 Organic Chemistry,,,,,,,,,,,,,MU3500 Classical Piano and Guitar,None,None,None,,,,,,,,
S039,10/26/2023 15:11:43,11,None of these apply,PH4020 Physics Core: Mechanics (Math Intensive) (*M*),MA4110 Foundations of Data Science,EN4600 Research Experience in the Humanities,CS4020 Web Development,,,,,,,,,,,,,,,,,,,,,,,,
S020,10/29/2023 17:54:08,11,I am short scheduled (fewer than 5 core classes),None - I'm short/over scheduled,EN4600 Research Experience in the Humanities,SP3652 Navigating in Spanish II,CS4020 Web Development,None - I'm short/over scheduled,BI4130 Aquatic Ecology (*R*),BI4030 Environmental Science (*R*),BI3700 Evolution,CH3500 Chemistry Core I - Atoms & Molecules,PH4000 Physics Core: E&M,"PH3920 Waves Sound, and Optics",PH4020 Physics Core: Mechanics (Math Intensive) (*M*),,,,,PA1020 Fit for Life,None,None,None,,,,,,,,
S351,10/29/2023 21:27:48,11,None of these apply,SS4050 AP Psychology,EN4600 Research Experience in the Humanities,,,,,,,,,,,,,,,,,,,,,,,,,,
S625,10/26/2023 0:35:39,12,None of these apply,BI3580 Classical Genetics (*M*),MA4210 Topics in Civic Mathematics,EN4440 Philosophy and Literature in the Twentieth Century,,MA4016 Calculus Ib,BI4030 Environmental Science (*R*),,,EN4483 Topics in Literature III,EN4440 Philosophy and Literature in the Twentieth Century,HU4480 Topics in American Studies: Asian American Studies,,,,,,,,,,,,,,,,,
S084,10/29/2023 23:58:18,11,I am missing a graduation requirement,CH3500 Chemistry Core I - Atoms & Molecules,PH4150/EE4150 Elements of Satellite Design,"PH3920 Waves Sound, and Optics",PH4000 Physics Core: E&M,SP3052 Journeys in Spanish II,BI4010 Anatomy & Physiology,BI4200 Immunology (*R*),BI4160 Neuroscience (*R*),,BI3700 Evolution,BI4200 Immunology (*R*),BI4010 Anatomy & Physiology,,,,,PA1020 Fit for Life,None,None,None,,RE1012 Public Speaking,RE1020 Financial Planning,RE1018 Excellence in Leadership,,,,
S626,10/29/2023 20:05:58,12,None of these apply,"None - I'm short/over scheduled, EN4440 Philosophy and Literature in the Twentieth Century",EN4470 STEM and the Stage,EN4481 Topics in Literature I,EN4242 Western European Cultural Studies II,,,,,,,,,,,,,,,,,,,,,,,,
S334,10/29/2023 22:25:19,11,None of these apply,,,,,,,,,,,,,,,,,PA1020 Fit for Life,PA1007 Pilates & Yoga,PA1007 Pilates & Yoga,PA1007 Pilates & Yoga,,,,,,,,
S142,10/26/2023 13:33:33,11,None of these apply,BI4110 Molecular Genetics (*R*),BI4130 Aquatic Ecology (*R*),EN4600 Research Experience in the Humanities,BI4140 Molecular & Cellular Biol,SS4050 AP Psychology,EN4600 Research Experience in the Humanities,HU4440 Film Studies,"HU4490 Women's, Gender, and Sexuality Studies",,,,,,,,,PA1020 Fit for Life,PA1007 Pilates & Yoga,PA1009 Hiking,,,,,,,,,
S087,10/20/2023 12:51:31,11,None of these apply,BI4110 Molecular Genetics (*R*),BI4030 Environmental Science (*R*),BI4140 Molecular & Cellular Biol,,,,,,,,,,,,,,PA1005 Weight Trng/Sprts & Fitness,MU3500 Classical Piano and Guitar,,,,,,,,,,
S222,10/26/2023 21:54:56,11,None of these apply,EE4180 Environmental Engineering,EE4160 Civil Engineering,EE4020 Electrical Engineering,,,,,,,,,,,,,,,,,,,,,,,,,
S047,10/22/2023 10:14:06,11,None of these apply,PH4120 Physics Core: E&M (Math Intensive) (*M*),"CH4170/PH4170 Electrochemistry: Batteries, Fuel Cells and Solar Cells",CH4130 Organic Chemistry,CH4280 Materials Chemistry (*R*),,,,,,,,,,,,,,,,,,,,,,,,
S139,10/29/2023 23:49:51,11,None of these apply,MA4110 Foundations of Data Science,CS4020 Web Development,EE4020 Electrical Engineering,MA4300 Combinatorics and Game Theory,,,,,,,,,,,,,None,AR4310 Digital Photography,AR4110 Painting,AR4100 Drawing,None,AR4310 Digital Photography,AR4100 Drawing,AR4110 Painting,,,,
S154,10/29/2023 20:45:31,11,None of these apply,,,,,,,,,,,,,,,,,AR4100 Drawing,,,,,,,,,,,
S627,10/27/2023 12:28:41,12,None of these apply,EN4300 Creative Writing,EN4212 East Asian Studies II,,,"PH3920 Waves Sound, and Optics",PH4120 Physics Core: E&M (Math Intensive) (*M*),"CH4170/PH4170 Electrochemistry: Batteries, Fuel Cells and Solar Cells",,,,,,,,,,RE1020 Financial Planning,RE1020 Financial Planning,RE1012 Public Speaking,,,,,,,,,
S188,10/22/2023 23:51:32,11,None of these apply,CH3500 Chemistry Core I - Atoms & Molecules,BI4140 Molecular & Cellular Biol,BI4110 Molecular Genetics (*R*),EE4020 Electrical Engineering,MA4230 Complex Systems and Modern Networks,MA4310 Topics in Theoretical Mathematics,,,,,,,,,,,,,,,,,,,,,,
S630,10/22/2023 14:05:45,12,None of these apply,EE4020 Electrical Engineering,SS4070 AP Macroeconomics,HU4400 Black Studies,HU4010 Applications in Entrepreneurship,,,,,,,,,,,,,None,AR4110 Painting,AR4100 Drawing,,,,,,,,,
S632,10/27/2023 11:32:10,12,"I am short scheduled (fewer than 5 core classes), I am missing a graduation requirement",None - I'm short/over scheduled,HU4420 Digital Humanities,EN4300 Creative Writing,EN4212 East Asian Studies II,,,,,,,,,,,,,,,,,,,,,,,,
S634,10/23/2023 20:45:42,12,None of these apply,EN4212 East Asian Studies II,None - I'm short/over scheduled,,,EN4483 Topics in Literature III,HU4411 Critical Legal Studies,,,,,,,,,,,None,None,None,None,None,None,None,None,None,None,None,None
S635,10/29/2023 22:56:52,12,None of these apply,CH4130 Organic Chemistry,CH4120 AP Chemistry (II): Kinetics & Energy,MA4300 Combinatorics and Game Theory,SS4050 AP Psychology,CH4120 AP Chemistry (II): Kinetics & Energy,CH4280 Materials Chemistry (*R*),EE4020 Electrical Engineering,MA4300 Combinatorics and Game Theory,,,,,,,,,,,,,,,,,,,,
S218,10/24/2023 15:12:14,11,I am short scheduled (fewer than 5 core classes),None - I'm short/over scheduled,EE4020 Electrical Engineering,EE4100 Introductory Robotics,MA4300 Combinatorics and Game Theory,,,,,,,,,,,,,PA1007 Pilates & Yoga,AR4310 Digital Photography,AR4100 Drawing,AR4110 Painting,,,,,,,,
S208,10/29/2023 0:20:43,11,None of these apply,BI4030 Environmental Science (*R*),PH4150/EE4150 Elements of Satellite Design,,,SS4070 AP Macroeconomics,BI4140 Molecular & Cellular Biol,MA4210 Topics in Civic Mathematics,PH4120 Physics Core: E&M (Math Intensive) (*M*),,,,,,,,,,,,,,,,,,,,
S257,10/20/2023 10:05:54,11,None of these apply,,,,,,,,,,,,,,,,,PA1005 Weight Trng/Sprts & Fitness,None,None,None,,,,,,,,
S025,10/29/2023 11:05:08,11,I am short scheduled (fewer than 5 core classes),,BI4140 Molecular & Cellular Biol,EE4180 Environmental Engineering,CS4200/MA4200 Cryptography,,,,,,,,,,,,,MU4130 Orchestra,,,,,,,,,,,
S637,10/29/2023 10:26:45,12,None of these apply,,,,,,,,,,,,,,,,,None,MU3500 Classical Piano and Guitar,,,,,,,,,,
S167,10/23/2023 12:53:50,11,None of these apply,MA4044 Calculus II with AP Exam Prep,MA4046 Calculus II,MA4046 Calculus II,MA4046 Calculus II,,,,,,,,,,,,,,,,,,,,,,,,
S638,10/29/2023 13:09:58,12,None of these apply,EN4212 East Asian Studies II,EN4300 Creative Writing,EN4210 African Studies: Modern Africa,EN4481 Topics in Literature I,HU4420 Digital Humanities,CS4200/MA4200 Cryptography,,,,,,,,,,,,,,,,,,,,,,
S236,10/30/2023 0:03:39,11,I have a block conflict (two classes that meet at the same time),,,,,,,,,,,,,,,,,,,,,,,,,,,,
S639,10/29/2023 20:17:07,12,I have a block conflict (two classes that meet at the same time),EE4180 Environmental Engineering,EE4160 Civil Engineering,CS4040 Game Design and Simulation,"MA4210 Topics in Civic Mathematics, SS4070 AP Macroeconomics",BI4160 Neuroscience (*R*),HU4440 Film Studies,,,,,,,,,,,,,,,,,,,,,,
S005,10/26/2023 23:32:13,11,None of these apply,EN4600 Research Experience in the Humanities,SP4252 Topics in Advanced Spanish II: Afro-Spanish Caribbeans and their Contributions,,,BI4010 Anatomy & Physiology,PH3500 Physics Core: Mechanics,EE4520 Biomedical Instrumentation,,,,,,,,,,PA1020 Fit for Life,,,,,,,,,,,
S643,10/22/2023 15:31:36,12,None of these apply,EN4212 East Asian Studies II,"CH4170/PH4170 Electrochemistry: Batteries, Fuel Cells and Solar Cells",EE4100 Introductory Robotics,PH4000 Physics Core: E&M,,,,,,,,,,,,,,,,,,,,,,,,
S109,10/28/2023 11:28:47,11,I am missing a graduation requirement,"BI4200 Immunology (*R*), SS4070 AP Macroeconomics",PH3500 Physics Core: Mechanics,PH4000 Physics Core: E&M,"PH3920 Waves Sound, and Optics","BI4200 Immunology (*R*), SS4070 AP Macroeconomics",EN4600 Research Experience in the Humanities,SP3052 Journeys in Spanish II,"CS4070/AR4070 Art, Technology, and Computing",,,,,,,,,,,,,,,,,,,,
S017,10/29/2023 20:39:14,11,None of these apply,SP3652 Navigating in Spanish II,CH4020 AP Chemistry (I): Atoms & Molecules (*M*),MA4300 Combinatorics and Game Theory,"BI4030 Environmental Science (*R*), MA4240 Numerical Analysis",,,,,,,,,,,,,MU4310 AP Music Theory,RE1012 Public Speaking,RE1018 Excellence in Leadership,RE1020 Financial Planning,,,,,,,,
S645,10/23/2023 17:59:28,12,None of these apply,MA4500 Graph Theory with REX Math,EE4520 Biomedical Instrumentation,BI4110 Molecular Genetics (*R*),BI4200 Immunology (*R*),,,,,,,,,,,,,,,,,,,,,,,,
S288,10/21/2023 11:47:44,11,I am short scheduled (fewer than 5 core classes),None - I'm short/over scheduled,PH3500 Physics Core: Mechanics,CH4000 Chemistry Core II - Reactions & Energy,CS4040 Game Design and Simulation,,,,,,,,,,,,,,,,,,,,,,,,
S647,10/23/2023 16:19:27,12,None of these apply,CH4120 AP Chemistry (II): Kinetics & Energy,MA4300 Combinatorics and Game Theory,CS4320 Machine Learning,,EE4020 Electrical Engineering,CH4120 AP Chemistry (II): Kinetics & Energy,,,MA4210 Topics in Civic Mathematics,EE4540 Statics,EN4470 STEM and the Stage,"CS4070/AR4070 Art, Technology, and Computing",MA4110 Foundations of Data Science,EN4600 Research Experience in the Humanities,,,,,,,,,,,,,,
S001,10/28/2023 18:20:09,11,None of these apply,BI4211 AP Biology (II) (*R*),EN4600 Research Experience in the Humanities,,,,,,,,,,,,,,,,,,,,,,,,,,
S070,10/27/2023 22:13:18,11,None of these apply,BI4110 Molecular Genetics (*R*),SS4070 AP Macroeconomics,EE4160 Civil Engineering,MA4230 Complex Systems and Modern Networks,,,,,,,,,,,,,None,MU4100 Chorale,,,,,,,,,,
S649,10/20/2023 13:05:56,12,None of these apply,MA4110 Foundations of Data Science,EN4300 Creative Writing,HU4010 Applications in Entrepreneurship,BI4010 Anatomy & Physiology,,,,,,,,,,,,,,,,,,,,,,,,
S061,10/20/2023 13:31:17,11,"I've been accepted to a Research program, I have a block conflict (two classes that meet at the same time)",CS4040 Game Design and Simulation,,,,,,,,,,,,,,,,,,,,,,,,,,,
S049,10/29/2023 14:41:03,11,None of these apply,,,,,,,,,,,,,,,,,PA1005 Weight Trng/Sprts & Fitness,None,None,None,,,,,,,,
S651,10/28/2023 11:22:03,12,I am short scheduled (fewer than 5 core classes),,HU4440 Film Studies,SE4001 Emergency Care,,,,,,,,,,,,,,,,,AR4100 Drawing,,,,,,,,
S303,10/29/2023 22:26:42,11,None of these apply,,,,,,,,,,,,,,,,,PA1005 Weight Trng/Sprts & Fitness,,,,,,,,,,,
S652,10/20/2023 19:30:07,12,None of these apply,MA4050 Modeling with Differential Equations,PH4120 Physics Core: E&M (Math Intensive) (*M*),,,,,,,,,,,,,,,,,,,,,,,,,,
S340,10/29/2023 23:33:38,11,I've been accepted to a Research program,PH4120 Physics Core: E&M (Math Intensive) (*M*),PH4241 AP Physics C: E&M,PH4241 AP Physics C: E&M,PH4241 AP Physics C: E&M,BI4030 Environmental Science (*R*),CH4120 AP Chemistry (II): Kinetics & Energy,CS4270 Fundamentals of Object-Oriented Design,"BI4140 Molecular & Cellular Biol, CS4320 Machine Learning",AS4052 American Studies II,HU4410 Critical Race Theory,"HU4490 Women's, Gender, and Sexuality Studies",HU4411 Critical Legal Studies,,,,,None,MU4100 Chorale,,,PA1020 Fit for Life,PA1007 Pilates & Yoga,,,,,,
S038,10/20/2023 12:17:54,11,"I've been accepted to a Research program, None of these apply",,,,,,,,,,,,,,,,,None,MU4110 Wind Ensemble,,,,,,,,,,
S656,10/29/2023 14:43:06,12,None of these apply,"CS4070/AR4070 Art, Technology, and Computing",EN4210 African Studies: Modern Africa,HU4400 Black Studies,SS4070 AP Macroeconomics,,,,,,,,,,,,,,,,,,,,,,,,
S661,10/29/2023 23:06:57,12,None of these apply,CH4130 Organic Chemistry,SS4050 AP Psychology,,,,,,,,,,,,,,,,,,,,,,,,,,
S257,10/22/2023 14:36:16,11,None of these apply,,EN4600 Research Experience in the Humanities,,,,,,,,,,,,,,,,,,,,,,,,,,
S164,10/27/2023 13:46:47,11,I've been accepted to a Research program,EE4300 Topics In Engineering - Robotics Design,MA4060 Multivariable Calculus,MA4050 Modeling with Differential Equations,CS4200/MA4200 Cryptography,,,,,,,,,,,,,MU4130 Orchestra,None,None,None,,,,,,,,
S663,10/25/2023 12:21:55,12,None of these apply,BI4110 Molecular Genetics (*R*),MA4230 Complex Systems and Modern Networks,,,,,,,,,,,,,,,,,,,,,,,,,,
S296,10/28/2023 21:36:56,11,"I am missing a graduation requirement, None of these apply",PH4020 Physics Core: Mechanics (Math Intensive) (*M*),BI4160 Neuroscience (*R*),MA4060 Multivariable Calculus,BI4110 Molecular Genetics (*R*),CS4200/MA4200 Cryptography,EN4600 Research Experience in the Humanities,BI4140 Molecular & Cellular Biol,SP4252 Topics in Advanced Spanish II: Afro-Spanish Caribbeans and their Contributions,,,,,,,,,,,,,,,,,,,,
S246,10/29/2023 22:43:01,11,I am short scheduled (fewer than 5 core classes),None - I'm short/over scheduled,EN4600 Research Experience in the Humanities,EN4300 Creative Writing,"BI4160 Neuroscience (*R*), BI4200 Immunology (*R*), CS4270 Fundamentals of Object-Oriented Design, SE4001 Emergency Care",,,,,,,,,,,,,,,,,,,,,,,,
S110,10/29/2023 22:40:56,11,None of these apply,MA4210 Topics in Civic Mathematics,SE4001 Emergency Care,EN4300 Creative Writing,CS4270 Fundamentals of Object-Oriented Design,,,,,,,,,,,,,,,,,,,,,,,,
S338,10/25/2023 13:35:39,11,I've been accepted to a Research program,CN4852 AP Chinese Language and Culture II,BI4160 Neuroscience (*R*),BI4110 Molecular Genetics (*R*),BI4200 Immunology (*R*),,,,,,,,,,,,,,,,,,,,,,,,
S247,10/29/2023 23:45:58,11,None of these apply,MA4046 Calculus II,MA4044 Calculus II with AP Exam Prep,MA4046 Calculus II,MA4046 Calculus II,EN4600 Research Experience in the Humanities,BI4140 Molecular & Cellular Biol,BI4160 Neuroscience (*R*),BI3580 Classical Genetics (*M*),,,,,,,,,,,,,,,,,,,,
S667,10/29/2023 19:24:52,12,"I do not meet the pre-requisite for a class on my schedule, I have a block conflict (two classes that meet at the same time)",PH4241 AP Physics C: E&M,LA4652 Sallust and Cicero II,,,MA4230 Complex Systems and Modern Networks,BI4010 Anatomy & Physiology,BI4160 Neuroscience (*R*),CS4200/MA4200 Cryptography,MA4240 Numerical Analysis,CS4200/MA4200 Cryptography,BI4160 Neuroscience (*R*),"BI4200 Immunology (*R*), CH4130 Organic Chemistry",,,,,RE1012 Public Speaking,RE1012 Public Speaking,RE1018 Excellence in Leadership,RE1020 Financial Planning,,,,,,,,
S135,10/20/2023 18:19:59,11,None of these apply,CN4652 Readings in Chinese with Topics,BI4010 Anatomy & Physiology,BI4110 Molecular Genetics (*R*),,BI3580 Classical Genetics (*M*),PH4020 Physics Core: Mechanics (Math Intensive) (*M*),,,MA4046 Calculus II,MA4044 Calculus II with AP Exam Prep,,,,,,,None,MU3500 Classical Piano and Guitar,,,,,,,,,,
S144,10/29/2023 15:53:44,11,I am missing a graduation requirement,PH4120 Physics Core: E&M (Math Intensive) (*M*),PH4180 Astrophysics (*R*),,,MA4300 Combinatorics and Game Theory,MA4060 Multivariable Calculus,None - I'm short/over scheduled,,,,,,,,,,MU3500 Classical Piano and Guitar,None,,,,,,,,,,
S205,10/26/2023 14:32:23,11,None of these apply,CH4020 AP Chemistry (I): Atoms & Molecules (*M*),PH4180 Astrophysics (*R*),"CH4170/PH4170 Electrochemistry: Batteries, Fuel Cells and Solar Cells","PH3920 Waves Sound, and Optics",,,,,,,"CH4170/PH4170 Electrochemistry: Batteries, Fuel Cells and Solar Cells",,,,,,,,,,,,,,,,,
S136,10/29/2023 22:41:22,11,None of these apply,EN4600 Research Experience in the Humanities,MA4110 Foundations of Data Science,EE4020 Electrical Engineering,,,,,,,,,,,,,,,MU4130 Orchestra,,,,,,,,,,
S631,10/29/2023 23:17:29,12,None of these apply,BI3700 Evolution,HU4420 Digital Humanities,BI3700 Evolution,BI4140 Molecular & Cellular Biol,,,,,,,,,,,,,,,,,,,,,,,,
S669,10/26/2023 21:04:37,12,None of these apply,BI4200 Immunology (*R*),CH4130 Organic Chemistry,,,HU4411 Critical Legal Studies,"HU4300 Whose America? Immigrant Experiences, 1910-present",HU4440 Film Studies,,,,,,,,,,,,,,,,,,,,,
S149,10/29/2023 21:12:13,11,I've been accepted to a Research program,PH4180 Astrophysics (*R*),PH4120 Physics Core: E&M (Math Intensive) (*M*),,,,,,,,,,,,,,,,,,,,,,,,,,
S101,10/20/2023 12:04:48,11,I am short scheduled (fewer than 5 core classes),,CS4320 Machine Learning,MA4110 Foundations of Data Science,HU4010 Applications in Entrepreneurship,,,,,,,,,,,,,,,,,,,,,,,,
S106,10/20/2023 10:07:09,11,None of these apply,MA4046 Calculus II,MA4044 Calculus II with AP Exam Prep,,,,,,,,,,,,,,,,,,,,,,,,,,
S673,10/26/2023 19:57:59,12,None of these apply,BI4030 Environmental Science (*R*),BI4200 Immunology (*R*),BI4160 Neuroscience (*R*),CH4130 Organic Chemistry,EN4210 African Studies: Modern Africa,SS4050 AP Psychology,SS4050 AP Psychology,SS4050 AP Psychology,,,,,,,,,RE1018 Excellence in Leadership,RE1020 Financial Planning,RE1020 Financial Planning,RE1020 Financial Planning,,,,,,,,
S042,10/24/2023 16:29:37,11,None of these apply,FR3052 Journeys into French II,EN4600 Research Experience in the Humanities,SS4050 AP Psychology,,,,,,,,,,,,,,,,,,,,,,,,,
S080,10/26/2023 11:31:36,11,None of these apply,BI4010 Anatomy & Physiology,BI4110 Molecular Genetics (*R*),BI4010 Anatomy & Physiology,BI4140 Molecular & Cellular Biol,,,,,,,,,,,,,,,,,,,,,,,,
S051,10/29/2023 13:32:10,11,None of these apply,MA4014 Calculus Ib with AP Exam Prep,MA4016 Calculus Ib,,,SS4050 AP Psychology,PH4000 Physics Core: E&M,BI4160 Neuroscience (*R*),BI4200 Immunology (*R*),,,,,,,,,PA1020 Fit for Life,None,,,MA1012 Calculus Ib Exam Prep,None,,,,,,
S090,10/21/2023 14:05:34,11,None of these apply,MA4046 Calculus II,MA4044 Calculus II with AP Exam Prep,,,,,,,,,,,,,,,,,,,,,,,,,,
S353,10/28/2023 16:18:36,12,I am short scheduled (fewer than 5 core classes),None - I'm short/over scheduled,EN4600 Research Experience in the Humanities,EN4300 Creative Writing,EN4470 STEM and the Stage,None - I'm short/over scheduled,EN4470 STEM and the Stage,EN4481 Topics in Literature I,SS4050 AP Psychology,,,,,,,,,,,,,,,,,,,,
S200,10/26/2023 8:45:57,11,I am short scheduled (fewer than 5 core classes),None - I'm short/over scheduled,BI4160 Neuroscience (*R*),EE4520 Biomedical Instrumentation,BI4010 Anatomy & Physiology,,,,,,,,,,,,,PA1009 Hiking,PA1005 Weight Trng/Sprts & Fitness,,,,AR4100 Drawing,AR4110 Painting,,,,,
S311,10/26/2023 20:10:12,11,None of these apply,PH4000 Physics Core: E&M,PH4120 Physics Core: E&M (Math Intensive) (*M*),,,,,,,,,,,,,,,,,,,,,,,,,,
S356,10/29/2023 11:26:44,12,None of these apply,HU4411 Critical Legal Studies,HU4400 Black Studies,EN4600 Research Experience in the Humanities,,EN4210 African Studies: Modern Africa,EN4212 East Asian Studies II,EN4600 Research Experience in the Humanities,,,,,,,,,,,,,,,,,,,,,
S357,10/20/2023 15:13:39,12,"I have a block conflict (two classes that meet at the same time), None of these apply",,,,,,,,,,,,,,,,,MU3500 Classical Piano and Guitar,MU4100 Chorale,None,None,RE1020 Financial Planning,RE1018 Excellence in Leadership,RE1018 Excellence in Leadership,None,,,,
S036,10/20/2023 10:05:58,11,I have a block conflict (two classes that meet at the same time),,,,,,,,,,,,,,,,,,,,,,,,,,,,
S267,10/20/2023 14:12:30,11,None of these apply,CH4020 AP Chemistry (I): Atoms & Molecules (*M*),BI4160 Neuroscience (*R*),BI4110 Molecular Genetics (*R*),BI4200 Immunology (*R*),,,,,,,,,,,,,,,,,,,,,,,,
S214,10/23/2023 20:38:18,11,None of these apply,None - I'm short/over scheduled,MA4014 Calculus Ib with AP Exam Prep,,,,,,,,,,,,,,,PA1005 Weight Trng/Sprts & Fitness,PA1007 Pilates & Yoga,PA1009 Hiking,PA1020 Fit for Life,,,,,,,,
S052,10/28/2023 21:07:59,11,"I am short scheduled (fewer than 5 core classes), I am missing a graduation requirement",EE4180 Environmental Engineering,BI4010 Anatomy & Physiology,BI4140 Molecular & Cellular Biol,SS4050 AP Psychology,None - I'm short/over scheduled,PH3500 Physics Core: Mechanics,BI4030 Environmental Science (*R*),BI4130 Aquatic Ecology (*R*),,,,,,,,,PA1005 Weight Trng/Sprts & Fitness,PA1007 Pilates & Yoga,PA1009 Hiking,,,,,,,,,
S207,10/26/2023 11:06:24,11,None of these apply,CH4130 Organic Chemistry,CH4120 AP Chemistry (II): Kinetics & Energy,,,,,,,,,,,,,,,,,,,,,,,,,,
S100,10/20/2023 14:38:48,11,"I am missing a graduation requirement, I do not meet the pre-requisite for a class on my schedule",BI4160 Neuroscience (*R*),PH3500 Physics Core: Mechanics,PH4000 Physics Core: E&M,PH4020 Physics Core: Mechanics (Math Intensive) (*M*),,,,,,,,,,,,,,,,,,,,,,,,
S032,10/28/2023 11:39:45,11,None of these apply,,,,,,,,,,,,,,,,,,MU4120 Jazz Performance Workshop,,,,,,,,MU4120 Jazz Performance Workshop,,
S360,10/29/2023 16:44:40,11,None of these apply,MA4060 Multivariable Calculus,SS4050 AP Psychology,EN4300 Creative Writing,BI4160 Neuroscience (*R*),,,,,,,,,,,,,None,MU3500 Classical Piano and Guitar,AR4100 Drawing,PA1007 Pilates & Yoga,,,,,,,,
S173,10/26/2023 11:38:23,11,I've been accepted to a Research program,MA4050 Modeling with Differential Equations,MA4060 Multivariable Calculus,,,CN4952 Advanced Readings in Chinese with Topics II,EE4020 Electrical Engineering,BI4110 Molecular Genetics (*R*),MA4310 Topics in Theoretical Mathematics,,,,,,,,,,,,,,,,,,,,
S539,10/26/2023 12:59:50,12,None of these apply,,,,,,,,,,,,,,,,,,DR4102 Theater Performance Workshop: Unacting and Movement,,,,,,,,,,
S155,10/28/2023 12:40:51,11,None of these apply,EN4600 Research Experience in the Humanities,MA4500 Graph Theory with REX Math,MA4300 Combinatorics and Game Theory,PH4120 Physics Core: E&M (Math Intensive) (*M*),,,,,,,,,,,,,,,,,,,,,,,,
S225,10/29/2023 21:14:24,11,None of these apply,BI4010 Anatomy & Physiology,"PH4000 Physics Core: E&M, PH4120 Physics Core: E&M (Math Intensive) (*M*)","CH4170/PH4170 Electrochemistry: Batteries, Fuel Cells and Solar Cells","CS4320 Machine Learning, EE4020 Electrical Engineering",,,,,,,,,,,,,,,,,,,,,,,,
S365,10/21/2023 19:47:34,12,None of these apply,SS4050 AP Psychology,CH4280 Materials Chemistry (*R*),BI4010 Anatomy & Physiology,CH4000 Chemistry Core II - Reactions & Energy,,,,,,,,,,,,,None,MU4100 Chorale,,,,,,,,,,
S366,10/29/2023 21:36:37,12,None of these apply,CH4280 Materials Chemistry (*R*),MA4110 Foundations of Data Science,CH4280 Materials Chemistry (*R*),,"CS4070/AR4070 Art, Technology, and Computing",PH4120 Physics Core: E&M (Math Intensive) (*M*),CS4320 Machine Learning,,,,,,,,,,,,,,,,,,,,,
S350,10/28/2023 14:11:44,11,"I am short scheduled (fewer than 5 core classes), I have a block conflict (two classes that meet at the same time)","EE4180 Environmental Engineering, SP4252 Topics in Advanced Spanish II: Afro-Spanish Caribbeans and their Contributions",AS4052 American Studies II,,,None - I'm short/over scheduled,BI4010 Anatomy & Physiology,,,None - I'm short/over scheduled,PH4000 Physics Core: E&M,,,SP4252 Topics in Advanced Spanish II: Afro-Spanish Caribbeans and their Contributions,BI4030 Environmental Science (*R*),,,,,,,,,,,,,,
S117,10/29/2023 22:06:24,11,I've been accepted to a Research program,,,,,,,,,,,,,,,,,None,RE1020 Financial Planning,RE1018 Excellence in Leadership,AR4310 Digital Photography,None,AR4310 Digital Photography,RE1020 Financial Planning,RE1018 Excellence in Leadership,None,RE1018 Excellence in Leadership,AR4310 Digital Photography,RE1020 Financial Planning
S371,10/29/2023 20:29:11,12,None of these apply,EE4180 Environmental Engineering,"EE4520 Biomedical Instrumentation, HU4010 Applications in Entrepreneurship",,,,,,,,,,,,,,,AR4310 Digital Photography,AR4310 Digital Photography,AR4310 Digital Photography,AR4310 Digital Photography,,,,,,,,
S309,10/28/2023 19:01:29,11,I have a block conflict (two classes that meet at the same time),MA4230 Complex Systems and Modern Networks,BI4110 Molecular Genetics (*R*),CH4130 Organic Chemistry,BI4140 Molecular & Cellular Biol,,,,,,,,,,,,,,,,,,,,,,,,
S372,10/29/2023 19:23:27,12,None of these apply,PH4150/EE4150 Elements of Satellite Design,MA4500 Graph Theory with REX Math,CS4270 Fundamentals of Object-Oriented Design,EN4300 Creative Writing,,,,,,,,,,,,,,,,,,,,,,,,
S373,10/22/2023 13:20:28,12,None of these apply,FR3652 Navigating in French II,BI4200 Immunology (*R*),BI3580 Classical Genetics (*M*),,,,,,,,,,,,,,,,,,,,,,,,,
S375,10/20/2023 10:05:12,12,None of these apply,MA4500 Graph Theory with REX Math,BI4160 Neuroscience (*R*),BI4110 Molecular Genetics (*R*),BI4200 Immunology (*R*),HU4400 Black Studies,BI4110 Molecular Genetics (*R*),BI4211 AP Biology (II) (*R*),BI4030 Environmental Science (*R*),,,,,,,,,,,,,,,,,,,,
S291,10/25/2023 20:32:32,11,None of these apply,,,,,,,,,,,,,,,,,MU3500 Classical Piano and Guitar,MU4120 Jazz Performance Workshop,,,,,,,,,,
S377,10/21/2023 12:59:21,12,None of these apply,EN4440 Philosophy and Literature in the Twentieth Century,HU4440 Film Studies,"HU4300 Whose America? Immigrant Experiences, 1910-present","HU4490 Women's, Gender, and Sexuality Studies",,,,,,,,,,,,,,,,,,,,,,,,
S290,10/25/2023 9:20:28,11,None of these apply,,,,,,,,,,,,,,,,,,AR4310 Digital Photography,,,,,,,,,,
S092,10/25/2023 13:47:13,11,I have a block conflict (two classes that meet at the same time),EN4600 Research Experience in the Humanities,BI4160 Neuroscience (*R*),CS4320 Machine Learning,SS4050 AP Psychology,,,,,,,,,,,,,,,,,,,,,,,,
S336,10/23/2023 11:54:35,11,None of these apply,CH4020 AP Chemistry (I): Atoms & Molecules (*M*),BI4211 AP Biology (II) (*R*),BI4010 Anatomy & Physiology,BI4160 Neuroscience (*R*),,,,,,,,,,,,,PA1020 Fit for Life,None,,,,,,,,,,
S141,10/29/2023 18:24:19,11,"I've been accepted to a Research program, I have a block conflict (two classes that meet at the same time)",LA4050 Caesar in Gaul and Britannia,,,,CH4020 AP Chemistry (I): Atoms & Molecules (*M*),SS4050 AP Psychology,SS4070 AP Macroeconomics,,,,,,,,,,PA1020 Fit for Life,,,,,,,,,,,
S058,10/24/2023 16:33:40,11,"I am short scheduled (fewer than 5 core classes), I've been accepted to a Research program, I have a block conflict (two classes that meet at the same time)",EN4600 Research Experience in the Humanities,CH4020 AP Chemistry (I): Atoms & Molecules (*M*),CH4120 AP Chemistry (II): Kinetics & Energy,"CH4170/PH4170 Electrochemistry: Batteries, Fuel Cells and Solar Cells",None - I'm short/over scheduled,PH4120 Physics Core: E&M (Math Intensive) (*M*),PH4000 Physics Core: E&M,PH4120 Physics Core: E&M (Math Intensive) (*M*),,,,,,,,,,,,,,,,,,,,
S231,10/25/2023 13:05:56,11,None of these apply,CH3500 Chemistry Core I - Atoms & Molecules,CS4270 Fundamentals of Object-Oriented Design,,,,,,,,,,,,,,,PA1005 Weight Trng/Sprts & Fitness,PA1020 Fit for Life,PA1007 Pilates & Yoga,RE1020 Financial Planning,,,,,,,,
S107,10/25/2023 9:17:59,11,I have a block conflict (two classes that meet at the same time),MA4210 Topics in Civic Mathematics,BI4010 Anatomy & Physiology,BI4030 Environmental Science (*R*),BI4110 Molecular Genetics (*R*),,,,,,,,,,,,,MU3500 Classical Piano and Guitar,None,None,None,,,,,,,,
S379,10/27/2023 14:09:36,12,None of these apply,EN4483 Topics in Literature III,SS4050 AP Psychology,HU4410 Critical Race Theory,HU4480 Topics in American Studies: Asian American Studies,EN4483 Topics in Literature III,SS4050 AP Psychology,HU4410 Critical Race Theory,HU4480 Topics in American Studies: Asian American Studies,,,,,,,,,None,AR4100 Drawing,None,None,,,,,,,,
S266,10/25/2023 0:37:27,11,I am short scheduled (fewer than 5 core classes),None - I'm short/over scheduled,BI4140 Molecular & Cellular Biol,BI4160 Neuroscience (*R*),BI4200 Immunology (*R*),None - I'm short/over scheduled,CH4020 AP Chemistry (I): Atoms & Molecules (*M*),CH4130 Organic Chemistry,"CH4170/PH4170 Electrochemistry: Batteries, Fuel Cells and Solar Cells",None - I'm short/over scheduled,PH4000 Physics Core: E&M,"PH3920 Waves Sound, and Optics",PH4150/EE4150 Elements of Satellite Design,None - I'm short/over scheduled,CS4020 Web Development,CS4120 Computing for Everyone,"CS4070/AR4070 Art, Technology, and Computing","PA1007 Pilates & Yoga, RE1022 College and Career Planning",,,,,,,,,,,
S023,10/29/2023 18:41:28,11,I am short scheduled (fewer than 5 core classes),None - I'm short/over scheduled,BI4160 Neuroscience (*R*),EN4300 Creative Writing,EN4600 Research Experience in the Humanities,,,,,,,,,,,,,None,RE1018 Excellence in Leadership,RE1012 Public Speaking,,,,,,,,,
S053,10/29/2023 23:42:59,11,None of these apply,MA4510 Research in Mathematics,MA4060 Multivariable Calculus,MA4300 Combinatorics and Game Theory,MA4210 Topics in Civic Mathematics,SS4050 AP Psychology,EN4600 Research Experience in the Humanities,None - I'm short/over scheduled,None - I'm short/over scheduled,,,,,,,,,PA1005 Weight Trng/Sprts & Fitness,PA1020 Fit for Life,,,PA1005 Weight Trng/Sprts & Fitness,PA1020 Fit for Life,None,None,,,,
S308,10/29/2023 20:35:53,11,None of these apply,CH3500 Chemistry Core I - Atoms & Molecules,PH4000 Physics Core: E&M,,,,,,,,,,,,,,,,MA1012 Calculus Ib Exam Prep,,,,,,,,,,
S120,10/26/2023 9:33:21,11,None of these apply,,,,,,,,,,,,,,,,,None,MU4100 Chorale,,,,,,,,,,
S382,10/25/2023 14:24:17,12,None of these apply,"PH3920 Waves Sound, and Optics",CH4130 Organic Chemistry,"CH4170/PH4170 Electrochemistry: Batteries, Fuel Cells and Solar Cells",PH4120 Physics Core: E&M (Math Intensive) (*M*),CN3652 Navigating in Chinese + Global Understanding II,CN4052 Advanced Chinese II,,,,,,,,,,,,,,,,,,,,,,
S253,10/29/2023 21:47:23,11,I have a block conflict (two classes that meet at the same time),MA4046 Calculus II,MA4044 Calculus II with AP Exam Prep,,,,,,,,,,,,,,,,,,,,,,,,,,
S384,10/20/2023 10:47:51,12,None of these apply,MA4300 Combinatorics and Game Theory,MA4110 Foundations of Data Science,CS4320 Machine Learning,EE4020 Electrical Engineering,MA4210 Topics in Civic Mathematics,CS4320 Machine Learning,"CS4070/AR4070 Art, Technology, and Computing",EE4180 Environmental Engineering,,,,,,,,,,,,,,,,,,,,
S385,10/29/2023 20:09:23,12,I am short scheduled (fewer than 5 core classes),None - I'm short/over scheduled,CS4320 Machine Learning,EE4020 Electrical Engineering,EE4560 Circuits,,,,,,,,,,,,,,,,,,,,,,,,
S031,10/29/2023 14:56:37,11,I am short scheduled (fewer than 5 core classes),None - I'm short/over scheduled,EE4020 Electrical Engineering,MA4300 Combinatorics and Game Theory,None - I'm short/over scheduled,,,,,,,,,,,,,,,,,,,,,,,,
S209,10/26/2023 21:36:47,11,I have a block conflict (two classes that meet at the same time),None - I'm short/over scheduled,,,,None - I'm short/over scheduled,,,,None - I'm short/over scheduled,,,,None - I'm short/over scheduled,,,,PA1005 Weight Trng/Sprts & Fitness,PA1009 Hiking,PA1007 Pilates & Yoga,None,MU3500 Classical Piano and Guitar,None,None,None,MU4130 Orchestra,None,None,None
S392,10/28/2023 13:20:02,11,None of these apply,,,,,,,,,,,,,,,,,DR4102 Theater Performance Workshop: Unacting and Movement,None,None,None,,,,,,,,
S394,10/20/2023 15:19:08,12,I am short scheduled (fewer than 5 core classes),None - I'm short/over scheduled,BI4160 Neuroscience (*R*),HU4410 Critical Race Theory,EN4300 Creative Writing,,,,,,,,,,,,,,,,,,,,,,,,
S348,10/29/2023 18:05:08,11,None of these apply,CS4200/MA4200 Cryptography,BI4030 Environmental Science (*R*),BI4110 Molecular Genetics (*R*),BI4140 Molecular & Cellular Biol,,,,,,,,,,,,,PA1005 Weight Trng/Sprts & Fitness,None,None,None,,,,,,,,
S395,10/29/2023 23:58:09,12,I am short scheduled (fewer than 5 core classes),None - I'm short/over scheduled,EE4020 Electrical Engineering,EE4520 Biomedical Instrumentation,BI4200 Immunology (*R*),BI4130 Aquatic Ecology (*R*),EE4020 Electrical Engineering,EE4520 Biomedical Instrumentation,"BI4010 Anatomy & Physiology, BI4160 Neuroscience (*R*)",,,,,,,,,None,AR4520 Advanced Studio Art,AR4310 Digital Photography,AR4100 Drawing,None,MU4100 Chorale,MU3500 Classical Piano and Guitar,MU4120 Jazz Performance Workshop,,,,
S295,10/24/2023 15:32:42,11,"I've been accepted to a Research program, I have a block conflict (two classes that meet at the same time)",BI4140 Molecular & Cellular Biol,CH4921 Research Chem II (*R*),,,,,,,,,,,,,,,,,,,,,,,,,,
S397,10/25/2023 14:34:43,12,I do not meet the pre-requisite for a class on my schedule,MA4050 Modeling with Differential Equations,MA4044 Calculus II with AP Exam Prep,MA4046 Calculus II,,,,,,,,,,,,,,,,,,,,,,,,,
S319,10/23/2023 11:36:56,11,None of these apply,PH4180 Astrophysics (*R*),PH4120 Physics Core: E&M (Math Intensive) (*M*),PH4000 Physics Core: E&M,,,,,,,,,,,,,,,,,,,,,,,,,
S086,10/29/2023 13:49:53,11,None of these apply,PH4000 Physics Core: E&M,PH4120 Physics Core: E&M (Math Intensive) (*M*),,,CN3052 Journeys into Chinese II,PH4180 Astrophysics (*R*),CH4020 AP Chemistry (I): Atoms & Molecules (*M*),CS4120 Computing for Everyone,,,,,,,,,,RE1020 Financial Planning,,,,,,,,,,
S403,10/29/2023 22:32:41,12,None of these apply,EN4212 East Asian Studies II,EN4300 Creative Writing,EN4470 STEM and the Stage,EN4210 African Studies: Modern Africa,,,,,,,,,,,,,,,,,,,,,,,,
S401,10/29/2023 23:29:30,12,None of these apply,"PH3920 Waves Sound, and Optics",CS4020 Web Development,EE4020 Electrical Engineering,"PH3920 Waves Sound, and Optics",,,,,,,,,,,,,,,,,,,,,,,,
S404,10/27/2023 16:31:00,12,I have a block conflict (two classes that meet at the same time),EE4020 Electrical Engineering,CS4320 Machine Learning,EE4020 Electrical Engineering,MA4230 Complex Systems and Modern Networks,,,,,,,,,,,,,,,,,,,,,,,,
S405,10/23/2023 22:59:52,12,None of these apply,BI4200 Immunology (*R*),BI4160 Neuroscience (*R*),CS4040 Game Design and Simulation,BI4200 Immunology (*R*),CH4120 AP Chemistry (II): Kinetics & Energy,"CH4170/PH4170 Electrochemistry: Batteries, Fuel Cells and Solar Cells",CH4280 Materials Chemistry (*R*),CH4120 AP Chemistry (II): Kinetics & Energy,PH4180 Astrophysics (*R*),"PH3920 Waves Sound, and Optics",PH4150/EE4150 Elements of Satellite Design,PH4180 Astrophysics (*R*),MA4044 Calculus II with AP Exam Prep,MA4110 Foundations of Data Science,MA4210 Topics in Civic Mathematics,MA4044 Calculus II with AP Exam Prep,None,AR4520 Advanced Studio Art,AR4520 Advanced Studio Art,AR4520 Advanced Studio Art,None,AR4110 Painting,AR4110 Painting,AR4110 Painting,,,,
S406,10/29/2023 14:53:55,12,I am short scheduled (fewer than 5 core classes),None - I'm short/over scheduled,EN4300 Creative Writing,HU4480 Topics in American Studies: Asian American Studies,"HU4490 Women's, Gender, and Sexuality Studies",CH4130 Organic Chemistry,CH4000 Chemistry Core II - Reactions & Energy,,,,,,,,,,,None,AR4520 Advanced Studio Art,,,,,,,,,,
S409,10/27/2023 0:24:23,12,None of these apply,"CH4170/PH4170 Electrochemistry: Batteries, Fuel Cells and Solar Cells",EE4560 Circuits,"CH4170/PH4170 Electrochemistry: Batteries, Fuel Cells and Solar Cells",EE4100 Introductory Robotics,,,,,,,,,,,,,,,,,,,,,,,,
S284,10/24/2023 14:26:18,11,None of these apply,CH4000 Chemistry Core II - Reactions & Energy,CH4130 Organic Chemistry,,,,,,,,,,,,,,,PA1020 Fit for Life,None,,,,,,,,,,
S121,10/22/2023 20:25:06,11,None of these apply,CH4020 AP Chemistry (I): Atoms & Molecules (*M*),PH4000 Physics Core: E&M,PH4120 Physics Core: E&M (Math Intensive) (*M*),"PH3920 Waves Sound, and Optics",,,,,,,,,,,,,,,,,,,,,,,,
S412,10/21/2023 19:02:13,12,None of these apply,BI4010 Anatomy & Physiology,SS4070 AP Macroeconomics,EE4160 Civil Engineering,SE4001 Emergency Care,,,,,,,,,,,,,,,,,,,,,,,,
S413,10/28/2023 23:06:54,12,None of these apply,MA4230 Complex Systems and Modern Networks,EE4180 Environmental Engineering,,,BI4010 Anatomy & Physiology,PH4180 Astrophysics (*R*),,,,,,,,,,,,,,,,,,,,,,
S414,10/29/2023 20:49:04,12,None of these apply,CS4320 Machine Learning,PH4120 Physics Core: E&M (Math Intensive) (*M*),BI4200 Immunology (*R*),PH4180 Astrophysics (*R*),EN4470 STEM and the Stage,HU4440 Film Studies,"HU4300 Whose America? Immigrant Experiences, 1910-present",HU4400 Black Studies,,,,,,,,,MU3500 Classical Piano and Guitar,None,,,MU3500 Classical Piano and Guitar,,,,,,,
S415,10/24/2023 14:58:27,12,None of these apply,CS4270 Fundamentals of Object-Oriented Design,EE4560 Circuits,,,CS4200/MA4200 Cryptography,EE4560 Circuits,,,,,,,,,,,,,,,,,,,,,,
S226,10/22/2023 19:58:44,11,I am short scheduled (fewer than 5 core classes),None - I'm short/over scheduled,BI4130 Aquatic Ecology (*R*),BI4200 Immunology (*R*),BI4160 Neuroscience (*R*),,,,,,,,,,,,,,,,,,,,,,,,
S416,10/24/2023 15:42:46,12,None of these apply,EN4481 Topics in Literature I,SS4070 AP Macroeconomics,,,,,,,,,,,,,,,,,,,,,,,,,,
S417,10/23/2023 12:00:59,12,None of these apply,CH4130 Organic Chemistry,CH4120 AP Chemistry (II): Kinetics & Energy,,,,,,,,,,,,,,,,,,,,,,,,,,
S419,10/25/2023 13:46:38,12,None of these apply,"HU4300 Whose America? Immigrant Experiences, 1910-present",SS4070 AP Macroeconomics,HU4440 Film Studies,,None - I'm short/over scheduled,,,,None - I'm short/over scheduled,,,,None - I'm short/over scheduled,,,,MU4120 Jazz Performance Workshop,,,,None,,,,None,,,
S420,10/29/2023 22:44:26,12,None of these apply,BI4200 Immunology (*R*),SS4050 AP Psychology,,,,,,,,,,,,,,,,,,,,,,,,,,
S421,10/20/2023 12:47:32,12,None of these apply,EE4520 Biomedical Instrumentation,SP3652 Navigating in Spanish II,BI4110 Molecular Genetics (*R*),CS4200/MA4200 Cryptography,MA4300 Combinatorics and Game Theory,SP3652 Navigating in Spanish II,MA4060 Multivariable Calculus,,,,,,,,,,,,,,,,,,,,,
S422,10/29/2023 18:08:32,12,None of these apply,CS4020 Web Development,BI4130 Aquatic Ecology (*R*),,,,,,,,,,,,,,,,,,,,,,,,,,
S424,10/20/2023 11:32:51,12,None of these apply,EN4210 African Studies: Modern Africa,HU4411 Critical Legal Studies,HU4411 Critical Legal Studies,HU4411 Critical Legal Studies,,,,,,,,,,,,,,,,,,,,,,,,
S194,10/28/2023 23:30:47,11,I am short scheduled (fewer than 5 core classes),None - I'm short/over scheduled,CS4040 Game Design and Simulation,,,,,,,,,,,,,,,None,None,None,None,None,None,None,None,None,None,None,None
S426,10/28/2023 20:03:05,12,"I am short scheduled (fewer than 5 core classes), I am missing a graduation requirement",None - I'm short/over scheduled,EN4300 Creative Writing,EN4210 African Studies: Modern Africa,EN4481 Topics in Literature I,,,,,,,,,,,,,,,,,,,,,,,,
S028,10/29/2023 16:15:30,11,I am short scheduled (fewer than 5 core classes),,EE4520 Biomedical Instrumentation,EE4180 Environmental Engineering,EE4160 Civil Engineering,,,,,,,,,,,,,,,,,,,,,,,,
S435,10/29/2023 23:41:56,12,"I am short scheduled (fewer than 5 core classes), None of these apply",HU4461 Topics in Humanities II,EN4481 Topics in Literature I,HU4411 Critical Legal Studies,,None - I'm short/over scheduled,CS4200/MA4200 Cryptography,MA4046 Calculus II,MA4044 Calculus II with AP Exam Prep,,,,,,,,,,,,,,,,,,,,
S434,10/29/2023 21:26:47,12,None of these apply,MA4014 Calculus Ib with AP Exam Prep,MA4016 Calculus Ib,,,,,,,,,,,,,,,,,,,,,,,,,,
S063,10/26/2023 23:27:19,11,I am missing a graduation requirement,BI4140 Molecular & Cellular Biol,PH3500 Physics Core: Mechanics,BI4010 Anatomy & Physiology,,CS4040 Game Design and Simulation,CS4020 Web Development,CS4120 Computing for Everyone,,,,,,,,,,,,,,,,,,,,,
S255,10/23/2023 13:10:45,11,None of these apply,MA4046 Calculus II,MA4044 Calculus II with AP Exam Prep,,,,,,,,,,,,,,,,AR4310 Digital Photography,,,,,,,,,,
S438,10/20/2023 9:53:55,12,None of these apply,MA4044 Calculus II with AP Exam Prep,MA4060 Multivariable Calculus,MA4500 Graph Theory with REX Math,MA4240 Numerical Analysis,PH4120 Physics Core: E&M (Math Intensive) (*M*),PH4180 Astrophysics (*R*),PH4150/EE4150 Elements of Satellite Design,PH4120 Physics Core: E&M (Math Intensive) (*M*),CH4120 AP Chemistry (II): Kinetics & Energy,CH4280 Materials Chemistry (*R*),"CH4170/PH4170 Electrochemistry: Batteries, Fuel Cells and Solar Cells",CH4120 AP Chemistry (II): Kinetics & Energy,BI4140 Molecular & Cellular Biol,"CH4170/PH4170 Electrochemistry: Batteries, Fuel Cells and Solar Cells",CH4280 Materials Chemistry (*R*),BI4140 Molecular & Cellular Biol,None,AR4110 Painting,AR4100 Drawing,DR4102 Theater Performance Workshop: Unacting and Movement,,,,,,,,
S440,10/26/2023 0:33:18,12,None of these apply,SP4252 Topics in Advanced Spanish II: Afro-Spanish Caribbeans and their Contributions,EN4440 Philosophy and Literature in the Twentieth Century,EN4300 Creative Writing,BI4030 Environmental Science (*R*),SS4050 AP Psychology,BI4030 Environmental Science (*R*),EN4300 Creative Writing,BI4110 Molecular Genetics (*R*),,,,,,,,,,,,,,,,,,,,
S428,10/24/2023 15:29:10,12,None of these apply,,,,,,,,,,,,,,,,,MU4110 Wind Ensemble,,,,,,,,,,,
S197,10/24/2023 17:06:01,11,None of these apply,"PH3920 Waves Sound, and Optics",PH4000 Physics Core: E&M,PH4120 Physics Core: E&M (Math Intensive) (*M*),,,,,,,,,,,,,,PA1005 Weight Trng/Sprts & Fitness,PA1009 Hiking,PA1007 Pilates & Yoga,,,,,,,,,
S170,10/20/2023 11:22:49,11,I am short scheduled (fewer than 5 core classes),"None - I'm short/over scheduled, PH4020 Physics Core: Mechanics (Math Intensive) (*M*)",BI4030 Environmental Science (*R*),BI4110 Molecular Genetics (*R*),BI4010 Anatomy & Physiology,PH4020 Physics Core: Mechanics (Math Intensive) (*M*),EN4600 Research Experience in the Humanities,SS4050 AP Psychology,HU4420 Digital Humanities,,,,,,,,,,,,,,,,,,,,
S441,10/30/2023 0:31:47,12,I am short scheduled (fewer than 5 core classes),None - I'm short/over scheduled,HU4440 Film Studies,BI4160 Neuroscience (*R*),CS4200/MA4200 Cryptography,PH4120 Physics Core: E&M (Math Intensive) (*M*),"PH3920 Waves Sound, and Optics",PH4180 Astrophysics (*R*),,,,,,,,,,,,,,,,,,,,,
S442,10/29/2023 14:20:53,12,None of these apply,BI4010 Anatomy & Physiology,EE4560 Circuits,,,,,,,,,,,,,,,,,,,,,,,,,,
S185,10/29/2023 23:57:25,11,None of these apply,MA4044 Calculus II with AP Exam Prep,MA4046 Calculus II,,,,,,,,,,,,,,,,,,,,,,,,,,
S022,10/20/2023 12:38:56,11,None of these apply,None - I'm short/over scheduled,EN4600 Research Experience in the Humanities,SS4050 AP Psychology,,,,,,,,,,,,,,PA1005 Weight Trng/Sprts & Fitness,None,,,,,,,,,,
S443,10/27/2023 22:12:06,12,None of these apply,HU4420 Digital Humanities,EN4470 STEM and the Stage,EN4212 East Asian Studies II,,,,,,,,,,,,,,,,,,,,,,,,,
S147,10/23/2023 12:46:43,11,None of these apply,CS4200/MA4200 Cryptography,CS4040 Game Design and Simulation,CS4020 Web Development,EE4020 Electrical Engineering,,,,,,,,,,,,,PA1020 Fit for Life,None,None,None,,,,,,,,
S445,10/27/2023 14:16:30,12,None of these apply,SP4252 Topics in Advanced Spanish II: Afro-Spanish Caribbeans and their Contributions,"CS4070/AR4070 Art, Technology, and Computing",,,CN3652 Navigating in Chinese + Global Understanding II,CN4052 Advanced Chinese II,,,,,,,,,,,,MU4310 AP Music Theory,,,,,,,,,,
S447,10/28/2023 19:37:44,12,"I am missing a graduation requirement, I have a block conflict (two classes that meet at the same time)",HU4461 Topics in Humanities II,EN4300 Creative Writing,HU4440 Film Studies,EN4470 STEM and the Stage,PH4150/EE4150 Elements of Satellite Design,MA4050 Modeling with Differential Equations,MA4210 Topics in Civic Mathematics,MA4110 Foundations of Data Science,,,,,,,,,,,,,,,,,,,,
S254,10/22/2023 1:33:49,11,I have a block conflict (two classes that meet at the same time),MA4044 Calculus II with AP Exam Prep,MA4046 Calculus II,,,EE4180 Environmental Engineering,"CS4070/AR4070 Art, Technology, and Computing",CS4020 Web Development,CS4040 Game Design and Simulation,,,,,,,,,PA1020 Fit for Life,None,,,PA1005 Weight Trng/Sprts & Fitness,PA1007 Pilates & Yoga,PA1009 Hiking,,RE1022 College and Career Planning,RE1022 College and Career Planning,,
S299,10/29/2023 17:50:03,11,None of these apply,MA4050 Modeling with Differential Equations,MA4060 Multivariable Calculus,,,,,,,,,,,,,,,,,,,,,,,,,,
S450,10/25/2023 15:10:51,12,None of these apply,MA4230 Complex Systems and Modern Networks,MA4210 Topics in Civic Mathematics,CS4200/MA4200 Cryptography,MA4110 Foundations of Data Science,"HU4300 Whose America? Immigrant Experiences, 1910-present",BI4160 Neuroscience (*R*),BI4200 Immunology (*R*),"HU4410 Critical Race Theory, HU4411 Critical Legal Studies",,,,,,,,,,,,,,,,,,,,
S098,10/27/2023 10:57:31,11,None of these apply,,,,,,,,,,,,,,,,,MU3500 Classical Piano and Guitar,None,None,None,,,,,,,,
S451,10/29/2023 2:29:23,12,None of these apply,CH4120 AP Chemistry (II): Kinetics & Energy,"CH4170/PH4170 Electrochemistry: Batteries, Fuel Cells and Solar Cells","CH4170/PH4170 Electrochemistry: Batteries, Fuel Cells and Solar Cells","CH4170/PH4170 Electrochemistry: Batteries, Fuel Cells and Solar Cells",,,,,,,,,,,,,,MU3500 Classical Piano and Guitar,,,,AR4520 Advanced Studio Art,,,,,,
S330,10/28/2023 23:16:29,11,None of these apply,EE4020 Electrical Engineering,EE4180 Environmental Engineering,EE4180 Environmental Engineering,EE4160 Civil Engineering,,EN4600 Research Experience in the Humanities,EN4600 Research Experience in the Humanities,EN4600 Research Experience in the Humanities,,,,,,,,,,MU3500 Classical Piano and Guitar,MU3500 Classical Piano and Guitar,MU3500 Classical Piano and Guitar,,,,,,,,
S122,10/25/2023 20:48:07,11,None of these apply,None - I'm short/over scheduled,CH3500 Chemistry Core I - Atoms & Molecules,CH4130 Organic Chemistry,"CH4170/PH4170 Electrochemistry: Batteries, Fuel Cells and Solar Cells",,CH3500 Chemistry Core I - Atoms & Molecules,,,,,,,,,,,MU4310 AP Music Theory,PA1020 Fit for Life,DR4102 Theater Performance Workshop: Unacting and Movement,RE1020 Financial Planning,MU4310 AP Music Theory,PA1009 Hiking,RE1012 Public Speaking,PA1007 Pilates & Yoga,MU4310 AP Music Theory,DR4102 Theater Performance Workshop: Unacting and Movement,RE1018 Excellence in Leadership,AR4520 Advanced Studio Art
S452,10/25/2023 17:12:49,12,None of these apply,MA4060 Multivariable Calculus,PH4241 AP Physics C: E&M,"PH3920 Waves Sound, and Optics",,CS4040 Game Design and Simulation,EE4540 Statics,EE4560 Circuits,EE4160 Civil Engineering,EN4212 East Asian Studies II,EN4210 African Studies: Modern Africa,EN4470 STEM and the Stage,EN4481 Topics in Literature I,,,,,,,,,,,,,,,,
S344,10/29/2023 19:17:21,11,None of these apply,,,,,,,,,,,,,,,,,PA1020 Fit for Life,PA1007 Pilates & Yoga,PA1020 Fit for Life,PA1020 Fit for Life,,,,,,,,
S184,10/23/2023 22:01:04,11,None of these apply,BI4140 Molecular & Cellular Biol,BI4110 Molecular Genetics (*R*),BI4010 Anatomy & Physiology,,,,,,,,,,,,,,,,,,,,,,,,,
S456,10/29/2023 19:45:05,12,None of these apply,MA4240 Numerical Analysis,SS4070 AP Macroeconomics,EE4540 Statics,"CS4070/AR4070 Art, Technology, and Computing",,,,,,,,,,,,,,,,,,,,,,,,
S457,10/21/2023 13:04:31,12,I am missing a graduation requirement,EN4212 East Asian Studies II,HU4411 Critical Legal Studies,HU4400 Black Studies,"HU4490 Women's, Gender, and Sexuality Studies",PH4000 Physics Core: E&M,"CH4170/PH4170 Electrochemistry: Batteries, Fuel Cells and Solar Cells","PH3920 Waves Sound, and Optics",PH4180 Astrophysics (*R*),,,,,,,,,,,,,,,,,,,,
S458,10/20/2023 10:59:55,12,"I am short scheduled (fewer than 5 core classes), None of these apply",MA4110 Foundations of Data Science,BI3700 Evolution,BI4200 Immunology (*R*),BI4160 Neuroscience (*R*),,,,,,,,,,,,,RE1018 Excellence in Leadership,RE1020 Financial Planning,,,,,,,,,,
S062,10/29/2023 23:29:51,11,I am short scheduled (fewer than 5 core classes),PH4020 Physics Core: Mechanics (Math Intensive) (*M*),PH3500 Physics Core: Mechanics,,,None - I'm short/over scheduled,MA4014 Calculus Ib with AP Exam Prep,MA4016 Calculus Ib,None - I'm short/over scheduled,EN4600 Research Experience in the Humanities,CH4000 Chemistry Core II - Reactions & Energy,,,,,,,None,MA1012 Calculus Ib Exam Prep,None,None,,,,,,,,
S011,10/22/2023 19:43:53,11,None of these apply,EN4600 Research Experience in the Humanities,EE4160 Civil Engineering,BI4200 Immunology (*R*),BI4140 Molecular & Cellular Biol,,,,,,,,,,,,,,,,,,,,,,,,
S459,10/23/2023 23:03:10,12,None of these apply,CS4040 Game Design and Simulation,BI4030 Environmental Science (*R*),BI3580 Classical Genetics (*M*),"CH4170/PH4170 Electrochemistry: Batteries, Fuel Cells and Solar Cells",,,,,,,,,,,,,None,AR4100 Drawing,,,,,,,,,,
S223,10/20/2023 23:43:07,11,None of these apply,EE4020 Electrical Engineering,PH4241 AP Physics C: E&M,MA4060 Multivariable Calculus,CS4320 Machine Learning,MA4110 Foundations of Data Science,PH4241 AP Physics C: E&M,MA4060 Multivariable Calculus,CS4320 Machine Learning,,,,,,,,,,,,,,,,,,,,
S019,10/26/2023 9:50:28,11,I've been accepted to a Research program,EE4020 Electrical Engineering,EE4540 Statics,CS4320 Machine Learning,BI4010 Anatomy & Physiology,,EN4600 Research Experience in the Humanities,,,,,,,,,,,,,,,,,,,,,,
S114,10/29/2023 16:35:43,11,None of these apply,,,,,,,,,,,,,,,,,PA1005 Weight Trng/Sprts & Fitness,None,None,None,,,,,,,,
S138,10/23/2023 19:32:07,11,None of these apply,PH4120 Physics Core: E&M (Math Intensive) (*M*),PH4000 Physics Core: E&M,"PH3920 Waves Sound, and Optics",PH4180 Astrophysics (*R*),MA4044 Calculus II with AP Exam Prep,MA4046 Calculus II,,,,,,,,,,,,,,,,,,,,,,
S464,10/22/2023 13:04:59,12,None of these apply,PH4241 AP Physics C: E&M,CS4200/MA4200 Cryptography,"CS4070/AR4070 Art, Technology, and Computing","PH3920 Waves Sound, and Optics",MA4060 Multivariable Calculus,MA4210 Topics in Civic Mathematics,MA4110 Foundations of Data Science,MA4300 Combinatorics and Game Theory,,,,,,,,,,,,,,,,,,,,
S077,10/24/2023 12:13:42,11,None of these apply,PH3500 Physics Core: Mechanics,CH4000 Chemistry Core II - Reactions & Energy,None - I'm short/over scheduled,None - I'm short/over scheduled,None - I'm short/over scheduled,None - I'm short/over scheduled,None - I'm short/over scheduled,None - I'm short/over scheduled,None - I'm short/over scheduled,None - I'm short/over scheduled,None - I'm short/over scheduled,None - I'm short/over scheduled,None - I'm short/over scheduled,None - I'm short/over scheduled,None - I'm short/over scheduled,None - I'm short/over scheduled,PA1020 Fit for Life,PA1005 Weight Trng/Sprts & Fitness,None,None,None,None,None,None,None,None,None,None
S468,10/24/2023 9:49:20,12,None of these apply,MA4210 Topics in Civic Mathematics,BI4200 Immunology (*R*),BI4200 Immunology (*R*),BI4200 Immunology (*R*),,,,,,,,,,,,,,,,,,,,,,,,
S469,10/26/2023 19:51:17,12,None of these apply,EN4470 STEM and the Stage,BI4200 Immunology (*R*),BI4160 Neuroscience (*R*),BI4130 Aquatic Ecology (*R*),,,,,,,,,,,,,,,,,,,,,,,,
S148,10/20/2023 13:26:26,11,None of these apply,AS4052 American Studies II,BI4200 Immunology (*R*),,,SS4050 AP Psychology,AS4052 American Studies II,,,MA4046 Calculus II,MA4044 Calculus II with AP Exam Prep,,,,,,,PA1005 Weight Trng/Sprts & Fitness,,,,,,,,,,,
S043,10/21/2023 19:59:45,11,None of these apply,,,,,,,,,,,,,,,,,None,MU4120 Jazz Performance Workshop,,,,,,,,,,
S472,10/25/2023 11:45:48,12,None of these apply,EN4212 East Asian Studies II,EN4440 Philosophy and Literature in the Twentieth Century,EN4210 African Studies: Modern Africa,HU4400 Black Studies,,,,,,,,,,,,,,,,,,,,,,,,
S043,10/26/2023 14:48:15,11,None of these apply,CH4020 AP Chemistry (I): Atoms & Molecules (*M*),EE4540 Statics,PH4150/EE4150 Elements of Satellite Design,EE4160 Civil Engineering,,,,,,,,,,,,,,MU4120 Jazz Performance Workshop,,,,,,,,,,
S474,10/20/2023 10:19:00,12,None of these apply,MA4300 Combinatorics and Game Theory,,BI3700 Evolution,EE4020 Electrical Engineering,,,,,,,,,,,,,,,,,,,,,,,,
S475,10/27/2023 12:44:35,12,None of these apply,BI4010 Anatomy & Physiology,EN4300 Creative Writing,"BI3580 Classical Genetics (*M*), HU4411 Critical Legal Studies",MA4210 Topics in Civic Mathematics,None - I'm short/over scheduled,,,,None - I'm short/over scheduled,,,,None - I'm short/over scheduled,,,,None,,,,None,,,,None,,,
S333,10/29/2023 22:16:39,11,None of these apply,CS4200/MA4200 Cryptography,,"CS4070/AR4070 Art, Technology, and Computing",CS4120 Computing for Everyone,,MA4014 Calculus Ib with AP Exam Prep,,,PH4120 Physics Core: E&M (Math Intensive) (*M*),PH4000 Physics Core: E&M,,,,,,,,,,,,,,,,,,
S237,10/22/2023 10:36:15,11,None of these apply,,,,,,,,,,,,,,,,,MU4110 Wind Ensemble,None,None,None,,,,,,,,
S477,10/20/2023 14:38:35,12,I am short scheduled (fewer than 5 core classes),None - I'm short/over scheduled,EN4210 African Studies: Modern Africa,BI4160 Neuroscience (*R*),"BI4110 Molecular Genetics (*R*), HU4400 Black Studies",,,,,,,,,,,,,,,,,,,,,,,,
S478,10/23/2023 13:56:09,12,None of these apply,,,,,,,,,,,,,,,,,MU3500 Classical Piano and Guitar,None,None,None,,,,,,,,
S479,10/22/2023 15:54:58,12,I have a block conflict (two classes that meet at the same time),CH4130 Organic Chemistry,"CH4170/PH4170 Electrochemistry: Batteries, Fuel Cells and Solar Cells",CH4120 AP Chemistry (II): Kinetics & Energy,CH4280 Materials Chemistry (*R*),,,,,,,,,,,,,,,,,,,,,,,,
S322,10/24/2023 19:13:39,11,None of these apply,EN4600 Research Experience in the Humanities,HU4010 Applications in Entrepreneurship,CS4320 Machine Learning,CS4020 Web Development,,,,,,,,,,,,,,AR4100 Drawing,,,,,,,,,,
S243,10/25/2023 15:18:12,11,None of these apply,,BI4030 Environmental Science (*R*),SP4252 Topics in Advanced Spanish II: Afro-Spanish Caribbeans and their Contributions,BI4010 Anatomy & Physiology,,,,,,,,,,,,,,,,,,,,,,,,
S296,10/20/2023 10:54:18,11,"I am missing a graduation requirement, I've been accepted to a Research program",FR4652 Modern French Readings and Media,EE4180 Environmental Engineering,"CS4070/AR4070 Art, Technology, and Computing",EE4520 Biomedical Instrumentation,,,,,,,,,,,,,,,,,,,,,,,,
S219,10/27/2023 12:19:23,11,"I am short scheduled (fewer than 5 core classes), None of these apply",FR3652 Navigating in French II,EN4600 Research Experience in the Humanities,,,,,,,,,,,,,,,,,,,,,,,,,,
S481,10/24/2023 11:21:36,12,None of these apply,CH4120 AP Chemistry (II): Kinetics & Energy,CH3500 Chemistry Core I - Atoms & Molecules,CH4000 Chemistry Core II - Reactions & Energy,,HU4420 Digital Humanities,HU4440 Film Studies,HU4410 Critical Race Theory,HU4400 Black Studies,EN4481 Topics in Literature I,EN4440 Philosophy and Literature in the Twentieth Century,EN4470 STEM and the Stage,,EE4160 Civil Engineering,"CS4070/AR4070 Art, Technology, and Computing",CS4120 Computing for Everyone,CS4040 Game Design and Simulation,,AR4310 Digital Photography,AR4100 Drawing,AR4110 Painting,,,,,,,,
S129,10/29/2023 11:08:16,11,None of these apply,BI4010 Anatomy & Physiology,BI3700 Evolution,BI4130 Aquatic Ecology (*R*),BI4030 Environmental Science (*R*),,,,,,,,,,,,,,,,,,,,,,,,
S482,10/29/2023 23:16:28,12,I am short scheduled (fewer than 5 core classes),EN4210 African Studies: Modern Africa,CS4120 Computing for Everyone,MA4210 Topics in Civic Mathematics,EE4020 Electrical Engineering,None - I'm short/over scheduled,EE4020 Electrical Engineering,BI4130 Aquatic Ecology (*R*),BI4140 Molecular & Cellular Biol,HU4400 Black Studies,HU4411 Critical Legal Studies,HU4411 Critical Legal Studies,HU4411 Critical Legal Studies,,,,,,,,,,,,,,,,
S056,10/23/2023 18:50:36,11,None of these apply,EN4600 Research Experience in the Humanities,PH3500 Physics Core: Mechanics,PH4020 Physics Core: Mechanics (Math Intensive) (*M*),BI4110 Molecular Genetics (*R*),,,,,,,,,,,,,,,,,,,,,,,,
S483,10/29/2023 23:04:59,12,I do not meet the pre-requisite for a class on my schedule,BI4160 Neuroscience (*R*),CS4020 Web Development,EE4020 Electrical Engineering,BI4160 Neuroscience (*R*),,,,,,,,,,,,,,,,,,,,,,,,
S485,10/27/2023 17:26:01,12,None of these apply,MA4240 Numerical Analysis,EE4020 Electrical Engineering,SS4050 AP Psychology,,,,,,,,,,,,,,,,,,,,,,,,,
S256,10/26/2023 19:01:26,11,None of these apply,MA4046 Calculus II,MA4044 Calculus II with AP Exam Prep,,,PH4020 Physics Core: Mechanics (Math Intensive) (*M*),EN4600 Research Experience in the Humanities,,,,,,,,,,,PA1020 Fit for Life,PA1009 Hiking,PA1007 Pilates & Yoga,,,,,,,,,
S210,10/29/2023 13:14:12,11,None of these apply,PH4020 Physics Core: Mechanics (Math Intensive) (*M*),BI4110 Molecular Genetics (*R*),BI3580 Classical Genetics (*M*),BI4140 Molecular & Cellular Biol,,,,,,,,,,,,,,,,,,,,,,,,
S337,10/28/2023 14:23:36,11,None of these apply,EN4600 Research Experience in the Humanities,BI4200 Immunology (*R*),BI4010 Anatomy & Physiology,BI4160 Neuroscience (*R*),,,,,,,,,,,,,,,,,,,,,,,,
S486,10/22/2023 17:55:30,12,None of these apply,MA4060 Multivariable Calculus,MA4050 Modeling with Differential Equations,MA4110 Foundations of Data Science,MA4500 Graph Theory with REX Math,,,,,,,,,,,,,,,,,,,,,,,,
S037,10/21/2023 10:03:46,11,None of these apply,EN4600 Research Experience in the Humanities,EN4440 Philosophy and Literature in the Twentieth Century,EN4600 Research Experience in the Humanities,EE4180 Environmental Engineering,,,,,,,,,,,,,,,,,,,,,,,,
S263,10/29/2023 10:47:10,11,I am short scheduled (fewer than 5 core classes),PH4180 Astrophysics (*R*),BI4010 Anatomy & Physiology,PH4120 Physics Core: E&M (Math Intensive) (*M*),,None - I'm short/over scheduled,CH4020 AP Chemistry (I): Atoms & Molecules (*M*),"CS4120 Computing for Everyone, PH4120 Physics Core: E&M (Math Intensive) (*M*)",,,,,,,,,,,,,,,,,,,,,
S211,10/22/2023 22:33:48,11,None of these apply,SS4050 AP Psychology,MA4060 Multivariable Calculus,MA4050 Modeling with Differential Equations,MA4500 Graph Theory with REX Math,,,,,,,,,,,,,,,,,,,,,,,,
S490,10/24/2023 2:03:14,12,None of these apply,EE4180 Environmental Engineering,CH4120 AP Chemistry (II): Kinetics & Energy,CH4120 AP Chemistry (II): Kinetics & Energy,CH4120 AP Chemistry (II): Kinetics & Energy,"CS4070/AR4070 Art, Technology, and Computing",CH4120 AP Chemistry (II): Kinetics & Energy,CH4120 AP Chemistry (II): Kinetics & Energy,CH4120 AP Chemistry (II): Kinetics & Energy,,,,,,,,,None,,,,None,,,,None,,,
S491,10/20/2023 10:34:48,12,None of these apply,EN4212 East Asian Studies II,HU4400 Black Studies,HU4440 Film Studies,HU4410 Critical Race Theory,None - I'm short/over scheduled,None - I'm short/over scheduled,None - I'm short/over scheduled,None - I'm short/over scheduled,None - I'm short/over scheduled,None - I'm short/over scheduled,None - I'm short/over scheduled,None - I'm short/over scheduled,None - I'm short/over scheduled,None - I'm short/over scheduled,None - I'm short/over scheduled,None - I'm short/over scheduled,None,None,None,None,None,None,None,None,None,None,None,None
S492,10/20/2023 9:47:35,12,None of these apply,EN4483 Topics in Literature III,MA4060 Multivariable Calculus,MA4500 Graph Theory with REX Math,EE4520 Biomedical Instrumentation,,,,,,,,,,,,,,,,,,,,,,,,
S055,10/20/2023 10:30:03,11,None of these apply,FR3052 Journeys into French II,EN4600 Research Experience in the Humanities,SS4050 AP Psychology,"HU4490 Women's, Gender, and Sexuality Studies",,,,,,,,,,,,,,,,,,,,,,,,
S146,10/27/2023 20:59:35,11,None of these apply,,,,,,,,,,,,,,,,,None,None,None,None,None,MU4100 Chorale,None,None,None,AR4110 Painting,None,None
S494,10/23/2023 9:59:13,12,None of these apply,MA4240 Numerical Analysis,MA4230 Complex Systems and Modern Networks,MA4510 Research in Mathematics,MA4210 Topics in Civic Mathematics,"HU4490 Women's, Gender, and Sexuality Studies",EN4212 East Asian Studies II,EN4470 STEM and the Stage,EN4300 Creative Writing,,,,,,,,,,,,,,,,,,,,
S495,10/23/2023 11:00:40,12,I do not meet the pre-requisite for a class on my schedule,BI4160 Neuroscience (*R*),BI4110 Molecular Genetics (*R*),BI4030 Environmental Science (*R*),BI4130 Aquatic Ecology (*R*),,,,,,,,,,,,,,,,,,,,,,,,
S497,10/20/2023 11:09:46,12,None of these apply,None - I'm short/over scheduled,CN4052 Advanced Chinese II,,,,,,,,,,,,,,,,,,,,,,,,,,
S195,10/20/2023 10:27:53,11,None of these apply,SS4050 AP Psychology,EN4600 Research Experience in the Humanities,,,,,,,,,,,,,,,PA1007 Pilates & Yoga,PA1009 Hiking,,,,,,,,,,
S499,10/25/2023 22:51:09,12,None of these apply,PH4150/EE4150 Elements of Satellite Design,EE4560 Circuits,CS4120 Computing for Everyone,CS4200/MA4200 Cryptography,,,,,,,,,,,,,AR4100 Drawing,AR4520 Advanced Studio Art,,,,,,,,,,
S500,10/26/2023 21:06:58,12,None of these apply,CS4040 Game Design and Simulation,EN4300 Creative Writing,HU4440 Film Studies,"HU4300 Whose America? Immigrant Experiences, 1910-present",MA4110 Foundations of Data Science,EN4210 African Studies: Modern Africa,"HU4490 Women's, Gender, and Sexuality Studies",HU4420 Digital Humanities,None - I'm short/over scheduled,None - I'm short/over scheduled,None - I'm short/over scheduled,None - I'm short/over scheduled,None - I'm short/over scheduled,None - I'm short/over scheduled,None - I'm short/over scheduled,None - I'm short/over scheduled,None,MU4100 Chorale,None,None,None,None,None,None,None,None,None,None
S501,10/20/2023 9:52:47,12,None of these apply,SS4050 AP Psychology,EE4160 Civil Engineering,BI4140 Molecular & Cellular Biol,BI4160 Neuroscience (*R*),SP3652 Navigating in Spanish II,MA4110 Foundations of Data Science,BI4110 Molecular Genetics (*R*),BI4030 Environmental Science (*R*),,,,,,,,,,,,,,,,,,,,
S502,10/29/2023 21:18:05,12,None of these apply,PH4000 Physics Core: E&M,"CH4170/PH4170 Electrochemistry: Batteries, Fuel Cells and Solar Cells",PH4150/EE4150 Elements of Satellite Design,PH4000 Physics Core: E&M,,,,,,,,,,,,,,,,,,,,,,,,
S271,10/23/2023 17:45:34,11,None of these apply,SS4050 AP Psychology,EN4600 Research Experience in the Humanities,None - I'm short/over scheduled,None - I'm short/over scheduled,None - I'm short/over scheduled,None - I'm short/over scheduled,None - I'm short/over scheduled,None - I'm short/over scheduled,None - I'm short/over scheduled,None - I'm short/over scheduled,None - I'm short/over scheduled,None - I'm short/over scheduled,None - I'm short/over scheduled,None - I'm short/over scheduled,None - I'm short/over scheduled,None - I'm short/over scheduled,None,None,None,None,None,None,None,None,None,None,None,None
S506,10/29/2023 11:40:14,12,None of these apply,HU4461 Topics in Humanities II,EN4300 Creative Writing,EN4470 STEM and the Stage,"HU4490 Women's, Gender, and Sexuality Studies",,,,,,,,,,,,,,,,,,,,,,,,
S505,10/29/2023 21:18:30,12,None of these apply,CH4130 Organic Chemistry,"CH4170/PH4170 Electrochemistry: Batteries, Fuel Cells and Solar Cells",CH4000 Chemistry Core II - Reactions & Energy,,EN4440 Philosophy and Literature in the Twentieth Century,EN4300 Creative Writing,EN4212 East Asian Studies II,HU4480 Topics in American Studies: Asian American Studies,,,,,,,,,,,,,,,,,,,,
S179,10/27/2023 1:01:58,11,None of these apply,EE4100 Introductory Robotics,CS4120 Computing for Everyone,EE4020 Electrical Engineering,BI4110 Molecular Genetics (*R*),,,,,,,,,,,,,,,,,,,,,,,,
S238,10/22/2023 11:09:42,11,I have a block conflict (two classes that meet at the same time),,,,,,,,,,,,,,,,,PA1020 Fit for Life,,,,,,,,,,,
S512,10/29/2023 22:11:46,12,None of these apply,EN4242 Western European Cultural Studies II,HU4411 Critical Legal Studies,EN4600 Research Experience in the Humanities,EN4300 Creative Writing,,,,,,,,,,,,,,,,,,,,,,,,
S514,10/29/2023 13:12:12,12,None of these apply,CN4852 AP Chinese Language and Culture II,EN4300 Creative Writing,HU4410 Critical Race Theory,HU4411 Critical Legal Studies,EN4483 Topics in Literature III,EN4300 Creative Writing,HU4410 Critical Race Theory,HU4411 Critical Legal Studies,,,,,,,,,,,,,,,,,,,,
S213,10/29/2023 15:31:52,11,None of these apply,CH4020 AP Chemistry (I): Atoms & Molecules (*M*),PH4120 Physics Core: E&M (Math Intensive) (*M*),PH4180 Astrophysics (*R*),CH4020 AP Chemistry (I): Atoms & Molecules (*M*),,,,,,,,,,,,,,,,,,,,,,,,
S113,10/29/2023 15:34:00,11,None of these apply,LA4050 Caesar in Gaul and Britannia,EE4100 Introductory Robotics,MA4060 Multivariable Calculus,,AS4052 American Studies II,MA4050 Modeling with Differential Equations,,,,,,,,,,,,,,,,,,,,,,
S332,10/20/2023 20:34:33,11,None of these apply,EN4600 Research Experience in the Humanities,PH4241 AP Physics C: E&M,CS4320 Machine Learning,BI4030 Environmental Science (*R*),,,,,,,,,,,,,,,,,,,,,,,,
S204,10/20/2023 14:44:43,11,None of these apply,CS4200/MA4200 Cryptography,MA4050 Modeling with Differential Equations,MA4060 Multivariable Calculus,MA4110 Foundations of Data Science,,,,,,,,,,,,,,,,,,,,,,,,
S516,10/20/2023 12:40:43,12,I am short scheduled (fewer than 5 core classes),HU4420 Digital Humanities,CN3652 Navigating in Chinese + Global Understanding II,HU4420 Digital Humanities,,None - I'm short/over scheduled,HU4440 Film Studies,EN4300 Creative Writing,HU4010 Applications in Entrepreneurship,,,,,,,,,,,,,,,,,,,,
S156,10/29/2023 16:59:46,11,None of these apply,CH4020 AP Chemistry (I): Atoms & Molecules (*M*),EE4180 Environmental Engineering,BI4130 Aquatic Ecology (*R*),EE4020 Electrical Engineering,MA4046 Calculus II,MA4044 Calculus II with AP Exam Prep,,,,,,,,,,,None,MA1012 Calculus Ib Exam Prep,None,None,,,,,,,,
S524,10/27/2023 21:11:00,12,None of these apply,BI3580 Classical Genetics (*M*),SS4070 AP Macroeconomics,CH4120 AP Chemistry (II): Kinetics & Energy,MA4110 Foundations of Data Science,EN4242 Western European Cultural Studies II,CH4120 AP Chemistry (II): Kinetics & Energy,CH4280 Materials Chemistry (*R*),"CH4170/PH4170 Electrochemistry: Batteries, Fuel Cells and Solar Cells",,,,,,,,,,,,,,,,,,,,
S157,10/24/2023 15:27:43,11,None of these apply,MA4210 Topics in Civic Mathematics,MA4050 Modeling with Differential Equations,CH4020 AP Chemistry (I): Atoms & Molecules (*M*),MA4060 Multivariable Calculus,,,,,,,,,,,,,,,,,,,,,,,,
S272,10/20/2023 21:26:17,11,"I am short scheduled (fewer than 5 core classes), I have a block conflict (two classes that meet at the same time)",MA4210 Topics in Civic Mathematics,EE4020 Electrical Engineering,PH4180 Astrophysics (*R*),BI4010 Anatomy & Physiology,,,,,,,,,,,,,PA1020 Fit for Life,PA1005 Weight Trng/Sprts & Fitness,,,,,,,,,,